EmployeeID,Name,Age,Department,Salary,Date,Email,Phone
1001,Employee1,34,,42846,08-08-2021,employee1001@company.com,9247793575
1001,Employee1,34,,42846,08-08-2021,employee1001@company.com,9247793575
1003,Employee3,,IT,,March 5 2022,employee1003@company.com,9665373371
1004,Employee4,,Finance,54650,15/02/2021,employee1004@company.com,9709679940
1005,Employee5,,HR,37838,Sep 11 2022,employee1005@company.com,9710698556
1006,Employee6,,HR,,Dec 25 2021,employee1006@company.com,9403927599
1007,Employee7,25,HR,57689,Sep 11 2022,employee1007@company.com,9756317627
1008,Employee8,36,HR,,Sep 11 2022,employee1008@company.com,9221949992
1009,Employee9,22,Marketing,77083,Dec 25 2021,employee1009@company.com,9575456151
1010,Employee10,23,IT,,Sep 11 2022,employee1010@company.com,9565553929
1011,Employee11,,Marketing,,08-08-2021,employee1011@company.com,9310061385
1012,Employee12,36,,77928,July 12 2021,employee1012@companycom,9335295474
1013,Employee13,37,Finance,,March 5 2022,employee1013@company.com,9316474382
1014,Employee14,35,Marketing,87412,July 12 2021,employee1014company.com,9397221775
1015,Employee15,42,Finance,54057,Dec 25 2021,employee1015@company.com,9410698717
1016,Employee16,31,Marketing,60906,08-08-2021,employee1016@company.com,9825510288
1017,Employee17,42,,68365,15/02/2021,employee1017@company.com,9478741526
1018,Employee18,23,Marketing,,Dec 25 2021,employee1018@company.com,9827017295
1019,Employee19,,Marketing,,15/02/2021,employee1019@company.com,9548663935
1020,Employee20,41,IT,,Mar 10 2020,employee1020@company.com,9935779722
1021,Employee21,44,,,2021/04/22,employee1021@company.com,9109050732
1022,Employee22,27,IT,,Sep 11 2022,employee1022@company.com,9350787388
1023,Employee23,42,Marketing,80551,Sep 11 2022,employee1023@company.com,9748756828
1024,Employee24,45,,57707,July 12 2021,employee1024@company.com,9039100497
1025,Employee25,,HR,52829,Sep 11 2022,employee1025@company.com,9444095418
1026,Employee26,,Finance,40156,March 5 2022,employee1026@company.com,9150032350
1027,Employee27,,HR,,Dec 25 2021,employee1027@company.com,9226933575
1028,Employee28,,Finance,,15 Nov 2022,employee1028@company.com,9761285211
1029,Employee29,,HR,,July 12 2021,employee1029@company.com,9911499843
1030,Employee30,45,IT,80730,July 12 2021,employee1030@company.com,9726713893
1031,Employee31,27,HR,,15/02/2021,employee1031@company.com,9747654639
1032,Employee32,31,HR,,15 Nov 2022,employee1032@company.com,9914773641
1033,Employee33,36,Finance,35440,2021/04/22,employee1033@company.com,9468449460
1034,Employee34,,Marketing,88075,July 12 2021,employee1034@company.com,9894351520
1035,Employee35,41,Finance,37012,08-08-2021,employee1035@company.com,9475573415
1036,Employee36,,Finance,,Mar 10 2020,employee1036@company.com,9517872627
1037,Employee37,23,Marketing,,2021/04/22,employee1037@company.com,9254207534
1038,Employee38,,Finance,,2021/04/22,employee1038@company.com,9184657869
1039,Employee39,,Marketing,42686,2022-01-15,employee1039@company.com,9313353432
1040,Employee40,35,HR,82757,Mar 10 2020,employee1040@company.com,9659395348
1041,Employee41,37,,46080,2022-01-15,employee1041@company.com,9033628591
1042,Employee42,24,HR,,15 Nov 2022,employee1042@company.com,9280939478
1043,Employee43,30,HR,71013,Sep 11 2022,employee1043@company.com,9032422187
1044,Employee44,,HR,,2021/04/22,employee1044@company.com,9440411981
1045,Employee45,29,IT,,15 Nov 2022,employee1045@company.com,9275907982
1046,Employee46,,Marketing,77111,March 5 2022,employee1046@company.com,9838376995
1047,Employee47,41,Finance,,Sep 11 2022,employee1047@company.com,9976921356
1048,Employee48,,,,2021/04/22,employee1048@company.com,9498383697
1049,Employee49,,Finance,45986,Mar 10 2020,employee1049@company.com,9588475294
1050,Employee50,24,HR,31870,15/02/2021,employee1050@company.com,9678810028
1051,Employee51,,Marketing,80768,Dec 25 2021,employee1051@company.com,9746810026
1052,Employee52,,IT,,2022-01-15,employee1052@company.com,9624226282
1053,Employee53,38,,,Mar 10 2020,employee1053@company.com,9752694417
1054,Employee54,,Finance,,15/02/2021,employee1054@company.com,9219103200
1055,Employee55,28,,50350,2022-01-15,employee1055@company.com,9192530826
1056,Employee56,25,HR,75191,2021/04/22,employee1056@company.com,9624720099
1057,Employee57,29,Finance,68773,Mar 10 2020,employee1057@company.com,9364652402
1058,Employee58,,Marketing,81017,Mar 10 2020,employee1058@company.com,9730391853
1059,Employee59,34,Marketing,,2022-01-15,employee1059@company.com,9192588808
1060,Employee60,32,Finance,83112,Mar 10 2020,employee1060@company.com,9900578355
1061,Employee61,34,IT,43359,March 5 2022,employee1061@company.com,9125052081
1062,Employee62,,Marketing,43360,15 Nov 2022,employee1062@company.com,9981260659
1063,Employee63,,,40037,March 5 2022,employee1063@company.com,9521766368
1064,Employee64,,Marketing,70009,08-08-2021,employee1064@company.com,9173101687
1065,Employee65,,IT,78731,Sep 11 2022,employee1065@company.com,9187994498
1066,Employee66,24,HR,75117,March 5 2022,employee1066@company.com,9291240957
1067,Employee67,,Finance,,15/02/2021,employee1067@company.com,9821844254
1068,Employee68,,Marketing,87331,Mar 10 2020,employee1068@company.com,9277971230
1069,Employee69,,IT,,15/02/2021,employee1069@company.com,9186062827
1070,Employee70,,IT,,15/02/2021,employee1070@company.com,9774877956
1071,Employee71,,,31821,Mar 10 2020,employee1071@company.com,9137226848
1072,Employee72,31,IT,,Sep 11 2022,employee1072@company.com,9248780465
1073,Employee73,24,HR,,Mar 10 2020,employee1073@company.com,9674494329
1074,Employee74,,Marketing,,Sep 11 2022,employee1074@company.com,9314284887
1075,Employee75,,Finance,,Dec 25 2021,employee1075@company.com,9232268800
1076,Employee76,,Marketing,,15 Nov 2022,employee1076@company.com,9065403785
1077,Employee77,42,Finance,,15/02/2021,employee1077@company.com,9615464235
1078,Employee78,24,,36915,March 5 2022,employee1078@company.com,9295202377
1079,Employee79,36,HR,,Sep 11 2022,employee1079@company.com,9773102585
1080,Employee80,,IT,57053,2022-01-15,employee1080@company.com,9619474491
1081,Employee81,,HR,,July 12 2021,employee1081@company.com,9705158585
1082,Employee82,44,Finance,54268,Dec 25 2021,employee1082@company.com,9731715426
1083,Employee83,,HR,72515,2021/04/22,employee1083@company.com,9381482569
1084,Employee84,,Marketing,86125,March 5 2022,employee1084@company.com,9981716713
1085,Employee85,28,,72550,2021/04/22,employee1085@company.com,9270153408
1086,Employee86,,Marketing,,15/02/2021,employee1086@company.com,9106312848
1087,Employee87,,,39205,Mar 10 2020,employee1087@company.com,9833670778
1088,Employee88,44,HR,57573,08-08-2021,employee1088@company.com,9819267359
1089,Employee89,30,,52175,15 Nov 2022,employee1089@company.com,9893308671
1090,Employee90,,IT,,2021/04/22,employee1090@company.com,9739610740
1091,Employee91,45,HR,77858,Mar 10 2020,employee1091@company.com,9220295041
1092,Employee92,45,,,08-08-2021,employee1092@company.com,9306229876
1093,Employee93,,IT,46008,15/02/2021,employee1093@company.com,9095072071
1094,Employee94,38,Finance,,2021/04/22,employee1094@company.com,9243202340
1095,Employee95,,HR,,July 12 2021,employee1095@company.com,9441005067
1096,Employee96,,Marketing,47812,Dec 25 2021,employee1096@company.com,9611176461
1097,Employee97,41,HR,89978,Mar 10 2020,employee1097@company.com,9104336447
1098,Employee98,44,IT,,Dec 25 2021,employee1098@company.com,9842408536
1099,Employee99,40,Marketing,,15 Nov 2022,employee1099@company.com,9704952045
1100,Employee100,,,54630,08-08-2021,employee1100@company.com,9756010671
1101,Employee101,36,HR,63850,July 12 2021,employee1101@company.com,9365448867
1102,Employee102,31,IT,37087,08-08-2021,employee1102@company.com,9095682865
1103,Employee103,21,IT,,2021/04/22,employee1103@company.com,9663780921
1104,Employee104,39,IT,86999,15/02/2021,employee1104@company.com,9482296729
1105,Employee105,25,Finance,,July 12 2021,employee1105@company.com,9832209953
1106,Employee106,44,Finance,79762,2021/04/22,employee1106@company.com,9966217578
1107,Employee107,22,Finance,,July 12 2021,employee1107@company.com,9890310853
1108,Employee108,,IT,36805,March 5 2022,employee1108@company.com,9971206769
1109,Employee109,,,,08-08-2021,employee1109@company.com,9555010872
1110,Employee110,45,Finance,81301,Sep 11 2022,employee1110@company.com,9878175695
1111,Employee111,39,HR,,Sep 11 2022,employee1111@company.com,9132690858
1112,Employee112,23,IT,,July 12 2021,employee1112@company.com,9520284506
1113,Employee113,,Finance,,2021/04/22,employee1113@company.com,9466348392
1114,Employee114,,Finance,,2021/04/22,employee1114@company.com,9791597636
1115,Employee115,37,Marketing,46996,15/02/2021,employee1115@company.com,9266199445
1116,Employee116,,IT,48806,2021/04/22,employee1116@company.com,9615563974
1117,Employee117,,Finance,,Mar 10 2020,employee1117@company.com,9263007801
1118,Employee118,,Marketing,,July 12 2021,employee1118@company.com,9788531428
1119,Employee119,42,Marketing,,Sep 11 2022,employee1119@company.com,9923733867
1120,Employee120,30,HR,,2021/04/22,employee1120@company.com,9184606644
1121,Employee121,24,IT,,July 12 2021,employee1121@company.com,9999218636
1122,Employee122,,HR,40456,Dec 25 2021,employee1122@company.com,9111753102
1123,Employee123,41,Marketing,81469,July 12 2021,employee1123@company.com,9157572157
1124,Employee124,,Marketing,,2022-01-15,employee1124@company.com,9898156403
1125,Employee125,37,Marketing,48992,15 Nov 2022,employee1125@company.com,9203805707
1126,Employee126,22,,,July 12 2021,employee1126@company.com,9433215441
1127,Employee127,45,Finance,31017,2022-01-15,employee1127@company.com,9699518599
1128,Employee128,,Marketing,,March 5 2022,employee1128@company.com,9226907915
1129,Employee129,40,Finance,,March 5 2022,employee1129@company.com,9720854650
1130,Employee130,,Finance,,Mar 10 2020,employee1130@company.com,9342803437
1131,Employee131,,IT,56408,March 5 2022,employee1131@company.com,9366180190
1132,Employee132,,IT,,Sep 11 2022,employee1132@company.com,9354587785
1133,Employee133,23,IT,,08-08-2021,employee1133@company.com,9064449804
1134,Employee134,23,HR,67728,15/02/2021,employee1134@company.com,9497051861
1135,Employee135,,HR,49983,08-08-2021,employee1135@company.com,9197666377
1136,Employee136,,Finance,72334,2022-01-15,employee1136@company.com,9817004418
1137,Employee137,,,,March 5 2022,employee1137@company.com,9215006444
1138,Employee138,33,Marketing,33929,2022-01-15,employee1138@company.com,9790708769
1139,Employee139,,HR,45273,Dec 25 2021,employee1139@company.com,9697364013
1140,Employee140,,Finance,35365,08-08-2021,employee1140@company.com,9913880980
1141,Employee141,,HR,,July 12 2021,employee1141@company.com,9310473772
1142,Employee142,27,Finance,,08-08-2021,employee1142@company.com,9324943706
1143,Employee143,40,Marketing,,15/02/2021,employee1143@company.com,9237875592
1144,Employee144,,Finance,,March 5 2022,employee1144@company.com,9533558373
1145,Employee145,,Finance,,Mar 10 2020,employee1145@company.com,9234187795
1146,Employee146,,,72882,08-08-2021,employee1146@company.com,9018846363
1147,Employee147,,Finance,,08-08-2021,employee1147@company.com,9467692776
1148,Employee148,,,30881,July 12 2021,employee1148@company.com,9771597589
1149,Employee149,23,HR,62357,08-08-2021,employee1149@company.com,9751131253
1150,Employee150,33,,31816,15 Nov 2022,employee1150@company.com,9421020583
1151,Employee151,40,Finance,,2022-01-15,employee1151@company.com,9160909752
1152,Employee152,,IT,52469,2021/04/22,employee1152@company.com,9708765752
1153,Employee153,,IT,60871,2021/04/22,employee1153@company.com,9062445851
1154,Employee154,,IT,,08-08-2021,employee1154@company.com,9955365789
1155,Employee155,,Finance,,March 5 2022,employee1155@company.com,9555619293
1156,Employee156,,HR,56985,08-08-2021,employee1156@company.com,9529621444
1157,Employee157,32,Finance,81230,July 12 2021,employee1157@company.com,9338306644
1158,Employee158,,Finance,,15/02/2021,employee1158@company.com,9054597654
1159,Employee159,,,,Sep 11 2022,employee1159@company.com,9097015093
1160,Employee160,27,,31012,08-08-2021,employee1160@company.com,9157995340
1161,Employee161,26,Finance,72450,July 12 2021,employee1161@company.com,9463357980
1162,Employee162,28,,,08-08-2021,employee1162@company.com,9334032078
1163,Employee163,,HR,84503,15/02/2021,employee1163@company.com,9461046669
1164,Employee164,33,,84567,Dec 25 2021,employee1164@company.com,9834855581
1165,Employee165,,,,Sep 11 2022,employee1165@company.com,9954457895
1166,Employee166,,Finance,33570,15/02/2021,employee1166@company.com,9029427501
1167,Employee167,,HR,35427,July 12 2021,employee1167@company.com,9121385126
1168,Employee168,22,IT,71758,July 12 2021,employee1168@company.com,9522823015
1169,Employee169,29,,35935,July 12 2021,employee1169@company.com,9833636904
1170,Employee170,21,Marketing,82953,15 Nov 2022,employee1170@company.com,9701555000
1171,Employee171,,HR,,2022-01-15,employee1171@company.com,9853575698
1172,Employee172,32,,74785,15/02/2021,employee1172@company.com,9605378844
1173,Employee173,,HR,86212,2022-01-15,employee1173@company.com,9672119812
1174,Employee174,28,IT,48364,2021/04/22,employee1174@company.com,9262641606
1175,Employee175,,HR,36218,March 5 2022,employee1175@company.com,9275112329
1176,Employee176,,IT,30271,July 12 2021,employee1176@company.com,9461755961
1177,Employee177,39,,,March 5 2022,employee1177@company.com,9790415792
1178,Employee178,35,HR,77635,2022-01-15,employee1178@company.com,9566782362
1179,Employee179,36,HR,88513,15/02/2021,employee1179@company.com,9132945395
1180,Employee180,32,,66375,Dec 25 2021,employee1180@company.com,9301095390
1181,Employee181,,Finance,,Sep 11 2022,employee1181@company.com,9554098753
1182,Employee182,,,72447,2021/04/22,employee1182@company.com,9933795598
1183,Employee183,,Finance,58177,08-08-2021,employee1183@company.com,9778748701
1184,Employee184,,,39933,2021/04/22,employee1184@company.com,9144171501
1185,Employee185,31,Finance,,Dec 25 2021,employee1185@company.com,9820380583
1186,Employee186,,HR,55390,March 5 2022,employee1186@company.com,9468206940
1187,Employee187,,,,July 12 2021,employee1187@company.com,9075073079
1188,Employee188,35,IT,,Dec 25 2021,employee1188@company.com,9101996278
1189,Employee189,28,Marketing,,Sep 11 2022,employee1189@company.com,9367512209
1190,Employee190,41,Marketing,,08-08-2021,employee1190@company.com,9708508190
1191,Employee191,,,60524,2021/04/22,employee1191@company.com,9295546055
1192,Employee192,,IT,,15 Nov 2022,employee1192@company.com,9386379510
1193,Employee193,24,,30650,March 5 2022,employee1193@company.com,9141949340
1194,Employee194,21,Finance,,Mar 10 2020,employee1194@company.com,9093006436
1195,Employee195,,Finance,74649,Dec 25 2021,employee1195@company.com,9607657175
1196,Employee196,43,IT,40829,15 Nov 2022,employee1196@company.com,9573747532
1197,Employee197,,Marketing,,2022-01-15,employee1197@company.com,9710520235
1198,Employee198,28,HR,47167,2021/04/22,employee1198@company.com,9132033922
1199,Employee199,,Marketing,74258,March 5 2022,employee1199@company.com,9029030187
1200,Employee200,,IT,42912,Dec 25 2021,employee1200@company.com,9321146435
1201,Employee201,,,78226,March 5 2022,employee1201@company.com,9315548673
1202,Employee202,45,IT,,15 Nov 2022,employee1202@company.com,9077064786
1203,Employee203,,Marketing,,March 5 2022,employee1203@company.com,9952947188
1204,Employee204,,IT,,2021/04/22,employee1204@company.com,9692632419
1205,Employee205,,HR,30876,08-08-2021,employee1205@company.com,9649919910
1206,Employee206,35,,,08-08-2021,employee1206@company.com,9666016252
1207,Employee207,,Finance,71177,Mar 10 2020,employee1207@company.com,9381069368
1208,Employee208,25,Marketing,52625,Dec 25 2021,employee1208@company.com,9721296152
1209,Employee209,29,Marketing,56231,08-08-2021,employee1209@company.com,9930316850
1210,Employee210,25,Finance,49301,Dec 25 2021,employee1210@company.com,9345845420
1211,Employee211,,Finance,66622,2022-01-15,employee1211@company.com,9822861223
1212,Employee212,,Marketing,61108,July 12 2021,employee1212@company.com,9699478372
1213,Employee213,,IT,,15 Nov 2022,employee1213@company.com,9597324742
1214,Employee214,,Marketing,78313,March 5 2022,employee1214@company.com,9562668542
1215,Employee215,35,IT,,2022-01-15,employee1215@company.com,9777456285
1216,Employee216,,,,July 12 2021,employee1216@company.com,9559440625
1217,Employee217,25,IT,89025,15/02/2021,employee1217@company.com,9785646904
1218,Employee218,,IT,35173,15/02/2021,employee1218@company.com,9134515289
1219,Employee219,39,,79423,March 5 2022,employee1219@company.com,9411302258
1220,Employee220,,IT,,July 12 2021,employee1220@company.com,9116932312
1221,Employee221,,Finance,,Sep 11 2022,employee1221@company.com,9847662565
1222,Employee222,36,HR,,Sep 11 2022,employee1222@company.com,9378526479
1223,Employee223,,Finance,,08-08-2021,employee1223@company.com,9491291328
1224,Employee224,36,,49321,2021/04/22,employee1224@company.com,9310257248
1225,Employee225,,HR,64646,Mar 10 2020,employee1225@company.com,9236138640
1226,Employee226,,HR,40732,Mar 10 2020,employee1226@company.com,9298963576
1227,Employee227,38,Finance,40353,2021/04/22,employee1227@company.com,9900084582
1228,Employee228,31,HR,,July 12 2021,employee1228@company.com,9338100666
1229,Employee229,,Marketing,84205,Dec 25 2021,employee1229@company.com,9209256980
1230,Employee230,,IT,,15 Nov 2022,employee1230@company.com,9732650471
1231,Employee231,41,HR,,July 12 2021,employee1231@company.com,9152677631
1232,Employee232,,HR,65006,15/02/2021,employee1232@company.com,9457412263
1233,Employee233,,Finance,83551,Mar 10 2020,employee1233@company.com,9540359687
1234,Employee234,34,IT,39607,Mar 10 2020,employee1234@company.com,9883550390
1235,Employee235,,HR,,March 5 2022,employee1235@company.com,9055685322
1236,Employee236,,HR,46579,Sep 11 2022,employee1236@company.com,9616522581
1237,Employee237,21,Marketing,,2021/04/22,employee1237@company.com,9671566477
1238,Employee238,,HR,,08-08-2021,employee1238@company.com,9640232799
1239,Employee239,,,,Dec 25 2021,employee1239@company.com,9075821475
1240,Employee240,,Marketing,30150,Dec 25 2021,employee1240@company.com,9828147090
1241,Employee241,,,80306,15 Nov 2022,employee1241@company.com,9248010300
1242,Employee242,,HR,36200,15/02/2021,employee1242@company.com,9961971157
1243,Employee243,36,HR,,08-08-2021,employee1243@company.com,9482886291
1244,Employee244,23,Finance,77386,Sep 11 2022,employee1244@company.com,9817454372
1245,Employee245,,IT,,15 Nov 2022,employee1245@company.com,9947642230
1246,Employee246,30,Marketing,,July 12 2021,employee1246@company.com,9590115317
1247,Employee247,24,Finance,36453,July 12 2021,employee1247@company.com,9029963703
1248,Employee248,31,Marketing,33395,08-08-2021,employee1248@company.com,9104388366
1249,Employee249,,HR,80667,15 Nov 2022,employee1249@company.com,9980516665
1250,Employee250,,IT,56343,March 5 2022,employee1250@company.com,9580725901
1251,Employee251,22,Marketing,,Dec 25 2021,employee1251@company.com,9712329325
1252,Employee252,25,,72766,15 Nov 2022,employee1252@company.com,9547533105
1253,Employee253,41,IT,,Sep 11 2022,employee1253@company.com,9563934552
1254,Employee254,34,,50804,2022-01-15,employee1254@company.com,9274531690
1255,Employee255,,Finance,,July 12 2021,employee1255@company.com,9066697599
1256,Employee256,,HR,,March 5 2022,employee1256@company.com,9875700844
1257,Employee257,42,Marketing,84232,Mar 10 2020,employee1257@company.com,9121761511
1258,Employee258,,,66739,15 Nov 2022,employee1258@company.com,9346053146
1259,Employee259,,,,2022-01-15,employee1259@company.com,9183020196
1260,Employee260,45,HR,,Mar 10 2020,employee1260@company.com,9306182232
1261,Employee261,30,,,March 5 2022,employee1261@company.com,9562922356
1262,Employee262,,,75168,2022-01-15,employee1262@company.com,9531279848
1263,Employee263,43,IT,53642,Sep 11 2022,employee1263@company.com,9812608877
1264,Employee264,,Finance,,July 12 2021,employee1264@company.com,9474473527
1265,Employee265,36,HR,,15/02/2021,employee1265@company.com,9391671541
1266,Employee266,,Marketing,,Dec 25 2021,employee1266@company.com,9694363642
1267,Employee267,,HR,,Mar 10 2020,employee1267@company.com,9335063786
1268,Employee268,35,Marketing,87100,2022-01-15,employee1268@company.com,9905279399
1269,Employee269,,IT,,Dec 25 2021,employee1269@company.com,9774862258
1270,Employee270,,HR,,15 Nov 2022,employee1270@company.com,9164681892
1271,Employee271,28,Marketing,59493,Dec 25 2021,employee1271@company.com,9682068926
1272,Employee272,,Marketing,,Mar 10 2020,employee1272@company.com,9338233357
1273,Employee273,,,,2021/04/22,employee1273@company.com,9670728448
1274,Employee274,,Marketing,,Sep 11 2022,employee1274@company.com,9372688978
1275,Employee275,,HR,,15 Nov 2022,employee1275@company.com,9301780020
1276,Employee276,44,Finance,,2021/04/22,employee1276@company.com,9298946092
1277,Employee277,,,,Mar 10 2020,employee1277@company.com,9572806942
1278,Employee278,,Finance,72040,Mar 10 2020,employee1278@company.com,9955407381
1279,Employee279,,Marketing,76773,08-08-2021,employee1279@company.com,9249070307
1280,Employee280,36,Finance,49620,Mar 10 2020,employee1280@company.com,9557786304
1281,Employee281,,Marketing,,2022-01-15,employee1281@company.com,9214263038
1282,Employee282,22,IT,80688,July 12 2021,employee1282@company.com,9233956128
1283,Employee283,28,,51351,Dec 25 2021,employee1283@company.com,9507596301
1284,Employee284,,Marketing,39375,Sep 11 2022,employee1284@company.com,9958565198
1285,Employee285,,Marketing,51480,2021/04/22,employee1285@company.com,9235826608
1286,Employee286,,IT,74049,2022-01-15,employee1286@company.com,9427978259
1287,Employee287,,IT,,08-08-2021,employee1287@company.com,9305166163
1288,Employee288,32,Finance,,Dec 25 2021,employee1288@company.com,9411720831
1289,Employee289,31,Finance,64904,08-08-2021,employee1289@company.com,9981115298
1290,Employee290,45,,83440,Mar 10 2020,employee1290@company.com,9840251691
1291,Employee291,,Marketing,,March 5 2022,employee1291@company.com,9374895429
1292,Employee292,,IT,52697,Mar 10 2020,employee1292@company.com,9466522149
1293,Employee293,33,Finance,,July 12 2021,employee1293@company.com,9096811162
1294,Employee294,36,,88080,July 12 2021,employee1294@company.com,9656028280
1295,Employee295,34,Finance,,08-08-2021,employee1295@company.com,9406019808
1296,Employee296,,Marketing,,08-08-2021,employee1296@company.com,9873094084
1297,Employee297,,,,08-08-2021,employee1297@company.com,9074999992
1298,Employee298,,IT,89716,15 Nov 2022,employee1298@company.com,9465151202
1299,Employee299,,IT,65654,March 5 2022,employee1299@company.com,9086689257
1300,Employee300,,HR,,15/02/2021,employee1300@company.com,9510402841
1301,Employee301,,,,March 5 2022,employee1301@company.com,9806471231
1302,Employee302,24,Finance,,2021/04/22,employee1302@company.com,9173468281
1303,Employee303,21,IT,,Dec 25 2021,employee1303@company.com,9552101195
1304,Employee304,,,47032,08-08-2021,employee1304@company.com,9111574907
1305,Employee305,,,58319,Sep 11 2022,employee1305@company.com,9914820264
1306,Employee306,28,Finance,53827,Mar 10 2020,employee1306@company.com,9670204064
1307,Employee307,,HR,59360,2021/04/22,employee1307@company.com,9034125846
1308,Employee308,,,79635,Mar 10 2020,employee1308@company.com,9296965478
1309,Employee309,,Finance,,Mar 10 2020,employee1309@company.com,9729039930
1310,Employee310,,IT,,Sep 11 2022,employee1310@company.com,9181860388
1311,Employee311,,Finance,50088,2022-01-15,employee1311@company.com,9177328249
1312,Employee312,34,Marketing,,2021/04/22,employee1312@company.com,9460461389
1313,Employee313,26,Finance,,Mar 10 2020,employee1313@company.com,9269282749
1314,Employee314,35,Finance,80065,Mar 10 2020,employee1314@company.com,9278111131
1315,Employee315,,Finance,,15/02/2021,employee1315@company.com,9394302036
1316,Employee316,35,Marketing,,2021/04/22,employee1316@company.com,9691935175
1317,Employee317,25,HR,89766,2021/04/22,employee1317@company.com,9278501122
1318,Employee318,,Marketing,,March 5 2022,employee1318@company.com,9070202055
1319,Employee319,,IT,44850,Mar 10 2020,employee1319@company.com,9713174559
1320,Employee320,,Finance,50554,15/02/2021,employee1320@company.com,9524771316
1321,Employee321,22,Finance,,2022-01-15,employee1321@company.com,9061716857
1322,Employee322,,Marketing,,Dec 25 2021,employee1322@company.com,9874360663
1323,Employee323,35,IT,39813,15 Nov 2022,employee1323@company.com,9767756902
1324,Employee324,,,77485,Sep 11 2022,employee1324@company.com,9040176723
1325,Employee325,25,Marketing,,2022-01-15,employee1325@company.com,9199793218
1326,Employee326,,Marketing,48431,08-08-2021,employee1326@company.com,9112424482
1327,Employee327,26,,,July 12 2021,employee1327@company.com,9385839846
1328,Employee328,22,IT,56001,2022-01-15,employee1328@company.com,9902362650
1329,Employee329,,,79950,15/02/2021,employee1329@company.com,9783770206
1330,Employee330,21,,78704,July 12 2021,employee1330@company.com,9831543511
1331,Employee331,,Finance,,Mar 10 2020,employee1331@company.com,9051059686
1332,Employee332,38,Marketing,,July 12 2021,employee1332@company.com,9864952830
1333,Employee333,38,HR,53672,Sep 11 2022,employee1333@company.com,9562681433
1334,Employee334,,HR,54866,2022-01-15,employee1334@company.com,9834929551
1335,Employee335,,,50033,2021/04/22,employee1335@company.com,9067400806
1336,Employee336,,HR,,March 5 2022,employee1336@company.com,9264709953
1337,Employee337,43,Finance,61525,Mar 10 2020,employee1337@company.com,9183487763
1338,Employee338,45,HR,,Sep 11 2022,employee1338@company.com,9485018022
1339,Employee339,28,,74846,Mar 10 2020,employee1339@company.com,9284012813
1340,Employee340,,Finance,,15/02/2021,employee1340@company.com,9974372792
1341,Employee341,,Finance,,15 Nov 2022,employee1341@company.com,9623389833
1342,Employee342,,,68419,15 Nov 2022,employee1342@company.com,9749333635
1343,Employee343,,,,Mar 10 2020,employee1343@company.com,9374851006
1344,Employee344,22,HR,,15 Nov 2022,employee1344@company.com,9407990603
1345,Employee345,,IT,,2021/04/22,employee1345@company.com,9998797951
1346,Employee346,33,,,15/02/2021,employee1346@company.com,9339651989
1347,Employee347,24,Finance,,Dec 25 2021,employee1347@company.com,9282998522
1348,Employee348,38,IT,,15 Nov 2022,employee1348@company.com,9888706817
1349,Employee349,,Marketing,,July 12 2021,employee1349@company.com,9368634102
1350,Employee350,24,Marketing,55816,Sep 11 2022,employee1350@company.com,9051753828
1351,Employee351,40,Finance,88135,March 5 2022,employee1351@company.com,9885338793
1352,Employee352,,IT,,March 5 2022,employee1352@company.com,9645872643
1353,Employee353,27,,82802,March 5 2022,employee1353@company.com,9414458966
1354,Employee354,,Marketing,72599,2021/04/22,employee1354@company.com,9983725305
1355,Employee355,,,,Mar 10 2020,employee1355@company.com,9865729547
1356,Employee356,45,,63528,15 Nov 2022,employee1356@company.com,9273017335
1357,Employee357,,Finance,,Sep 11 2022,employee1357@company.com,9100673796
1358,Employee358,,IT,47223,08-08-2021,employee1358@company.com,9366229591
1359,Employee359,22,HR,77347,15 Nov 2022,employee1359@company.com,9238128524
1360,Employee360,27,HR,58659,2021/04/22,employee1360@company.com,9950307278
1361,Employee361,,Finance,,15 Nov 2022,employee1361@company.com,9499279962
1362,Employee362,27,,81633,2021/04/22,employee1362@company.com,9785868264
1363,Employee363,,HR,41511,2021/04/22,employee1363@company.com,9031747246
1364,Employee364,,HR,84981,Sep 11 2022,employee1364@company.com,9318547905
1365,Employee365,,Marketing,30502,15 Nov 2022,employee1365@company.com,9990743968
1366,Employee366,42,Finance,77434,Mar 10 2020,employee1366@company.com,9102108052
1367,Employee367,45,HR,,15 Nov 2022,employee1367@company.com,9305998860
1368,Employee368,,IT,68032,08-08-2021,employee1368@company.com,9090833445
1369,Employee369,24,Finance,53642,2021/04/22,employee1369@company.com,9912658422
1370,Employee370,27,IT,38990,2021/04/22,employee1370@company.com,9145592847
1371,Employee371,,Marketing,38447,08-08-2021,employee1371@company.com,9775636903
1372,Employee372,28,,,2021/04/22,employee1372@company.com,9190912786
1373,Employee373,,,,July 12 2021,employee1373@company.com,9771750372
1374,Employee374,42,Marketing,59102,08-08-2021,employee1374@company.com,9568237930
1375,Employee375,39,HR,,March 5 2022,employee1375@company.com,9748333961
1376,Employee376,42,Finance,57946,July 12 2021,employee1376@company.com,9343281423
1377,Employee377,,IT,53205,15/02/2021,employee1377@company.com,9652096691
1378,Employee378,43,IT,62694,Dec 25 2021,employee1378@company.com,9454496078
1379,Employee379,,Marketing,48451,08-08-2021,employee1379@company.com,9050242347
1380,Employee380,,Finance,,15/02/2021,employee1380@company.com,9278388978
1381,Employee381,,,53349,Dec 25 2021,employee1381@company.com,9390333095
1382,Employee382,,HR,68701,March 5 2022,employee1382@company.com,9705927385
1383,Employee383,,Finance,,15/02/2021,employee1383@company.com,9707977047
1384,Employee384,,HR,39194,08-08-2021,employee1384@company.com,9895389776
1385,Employee385,37,HR,38161,2022-01-15,employee1385@company.com,9191923174
1386,Employee386,25,HR,48913,2021/04/22,employee1386@company.com,9539267833
1387,Employee387,36,Finance,60424,2022-01-15,employee1387@company.com,9601428213
1388,Employee388,24,Marketing,,Dec 25 2021,employee1388@company.com,9637120660
1389,Employee389,45,HR,63967,08-08-2021,employee1389@company.com,9907575961
1390,Employee390,32,Finance,,2021/04/22,employee1390@company.com,9634413568
1391,Employee391,,IT,42001,2022-01-15,employee1391@company.com,9955308368
1392,Employee392,,Finance,,15/02/2021,employee1392@company.com,9677672053
1393,Employee393,36,Finance,,08-08-2021,employee1393@company.com,9185773364
1394,Employee394,28,Marketing,53178,Dec 25 2021,employee1394@company.com,9368607396
1395,Employee395,21,Finance,,2022-01-15,employee1395@company.com,9768020061
1396,Employee396,,Finance,37002,Dec 25 2021,employee1396@company.com,9143733314
1397,Employee397,,Marketing,,2021/04/22,employee1397@company.com,9544258933
1398,Employee398,,,42272,2022-01-15,employee1398@company.com,9000622276
1399,Employee399,32,HR,,08-08-2021,employee1399@company.com,9380984122
1400,Employee400,41,Finance,,08-08-2021,employee1400@company.com,9911080447
1401,Employee401,,IT,,July 12 2021,employee1401@company.com,9941941698
1402,Employee402,,HR,,Mar 10 2020,employee1402@company.com,9038155852
1403,Employee403,44,IT,85536,15 Nov 2022,employee1403@company.com,9674599486
1404,Employee404,,IT,,July 12 2021,employee1404@company.com,9263529206
1405,Employee405,27,Marketing,51818,Sep 11 2022,employee1405@company.com,9731264510
1406,Employee406,45,HR,,2022-01-15,employee1406@company.com,9133279665
1407,Employee407,27,Marketing,42677,15 Nov 2022,employee1407@company.com,9030342299
1408,Employee408,29,,,July 12 2021,employee1408@company.com,9910342091
1409,Employee409,29,IT,86229,15/02/2021,employee1409@company.com,9142299960
1410,Employee410,,Finance,73511,15 Nov 2022,employee1410@company.com,9527107865
1411,Employee411,,Finance,87963,2022-01-15,employee1411@company.com,9608135375
1412,Employee412,28,Finance,51720,08-08-2021,employee1412@company.com,9391423733
1413,Employee413,,,43167,08-08-2021,employee1413@company.com,9904791719
1414,Employee414,44,,,Sep 11 2022,employee1414@company.com,9934275683
1415,Employee415,23,HR,,2021/04/22,employee1415@company.com,9475124339
1416,Employee416,,IT,,July 12 2021,employee1416@company.com,9840514361
1417,Employee417,,,,Dec 25 2021,employee1417@company.com,9992804502
1418,Employee418,32,IT,,15 Nov 2022,employee1418@company.com,9211514246
1419,Employee419,35,Marketing,,Sep 11 2022,employee1419@company.com,9749870865
1420,Employee420,31,Marketing,,July 12 2021,employee1420@company.com,9892268651
1421,Employee421,38,Marketing,63223,2022-01-15,employee1421@company.com,9855022562
1422,Employee422,,Finance,,March 5 2022,employee1422@company.com,9698389273
1423,Employee423,,,72209,Mar 10 2020,employee1423@company.com,9840967858
1424,Employee424,41,,68891,2021/04/22,employee1424@company.com,9389023869
1425,Employee425,,Finance,,Mar 10 2020,employee1425@company.com,9275165477
1426,Employee426,,IT,,2022-01-15,employee1426@company.com,9625652829
1427,Employee427,,IT,,Mar 10 2020,employee1427@company.com,9754589781
1428,Employee428,43,IT,,2021/04/22,employee1428@company.com,9082591585
1429,Employee429,,IT,,Mar 10 2020,employee1429@company.com,9771120359
1430,Employee430,,Marketing,43697,15/02/2021,employee1430@company.com,9128714061
1431,Employee431,,IT,56020,2022-01-15,employee1431@company.com,9144284016
1432,Employee432,32,Finance,37499,July 12 2021,employee1432@company.com,9890544503
1433,Employee433,44,Marketing,,15 Nov 2022,employee1433@company.com,9132976907
1434,Employee434,,IT,33593,2022-01-15,employee1434@company.com,9774011368
1435,Employee435,,Finance,,2022-01-15,employee1435@company.com,9326358843
1436,Employee436,,HR,75953,Sep 11 2022,employee1436@company.com,9488504830
1437,Employee437,,IT,31644,15 Nov 2022,employee1437@company.com,9644503808
1438,Employee438,26,Marketing,74877,2022-01-15,employee1438@company.com,9336267859
1439,Employee439,29,HR,44260,July 12 2021,employee1439@company.com,9062097196
1440,Employee440,,,,2022-01-15,employee1440@company.com,9000024998
1441,Employee441,,Marketing,81808,Sep 11 2022,employee1441@company.com,9156295480
1442,Employee442,,Finance,,15 Nov 2022,employee1442@company.com,9868289345
1443,Employee443,,Finance,83972,08-08-2021,employee1443@company.com,9003101339
1444,Employee444,37,,,15/02/2021,employee1444@company.com,9953585832
1445,Employee445,,Marketing,81710,Sep 11 2022,employee1445@company.com,9536346379
1446,Employee446,32,HR,68893,Dec 25 2021,employee1446@company.com,9151779446
1447,Employee447,,IT,52766,Sep 11 2022,employee1447@company.com,9749573757
1448,Employee448,,Finance,88228,2021/04/22,employee1448@company.com,9493089459
1449,Employee449,,Marketing,,Dec 25 2021,employee1449@company.com,9265728202
1450,Employee450,,HR,,Mar 10 2020,employee1450@company.com,9152666069
1451,Employee451,,IT,,2022-01-15,employee1451@company.com,9142811300
1452,Employee452,,,,08-08-2021,employee1452@company.com,9176063068
1453,Employee453,33,Finance,78198,15 Nov 2022,employee1453@company.com,9551172022
1454,Employee454,,Marketing,,15/02/2021,employee1454@company.com,9521095781
1455,Employee455,31,,53880,March 5 2022,employee1455@company.com,9512761107
1456,Employee456,,IT,,15 Nov 2022,employee1456@company.com,9124008437
1457,Employee457,,Marketing,,08-08-2021,employee1457@company.com,9065249914
1458,Employee458,,Finance,,Mar 10 2020,employee1458@company.com,9499457167
1459,Employee459,,Marketing,,March 5 2022,employee1459@company.com,9878207169
1460,Employee460,30,Finance,81704,July 12 2021,employee1460@company.com,9218762173
1461,Employee461,,IT,,Mar 10 2020,employee1461@company.com,9821523300
1462,Employee462,,Finance,69484,08-08-2021,employee1462@company.com,9352403015
1463,Employee463,41,IT,,15 Nov 2022,employee1463@company.com,9870935538
1464,Employee464,36,,79437,Dec 25 2021,employee1464@company.com,9719998496
1465,Employee465,,IT,76461,2022-01-15,employee1465@company.com,9401309018
1466,Employee466,,HR,,2021/04/22,employee1466@company.com,9144491550
1467,Employee467,25,HR,56406,15 Nov 2022,employee1467@company.com,9952950439
1468,Employee468,,,88665,Sep 11 2022,employee1468@company.com,9411750538
1469,Employee469,24,HR,36043,Sep 11 2022,employee1469@company.com,9185477028
1470,Employee470,23,IT,,2022-01-15,employee1470@company.com,9569903611
1471,Employee471,23,Marketing,70675,March 5 2022,employee1471@company.com,9013338662
1472,Employee472,25,Marketing,,15/02/2021,employee1472@company.com,9077990976
1473,Employee473,23,Finance,63022,Mar 10 2020,employee1473@company.com,9844253222
1474,Employee474,,IT,,08-08-2021,employee1474@company.com,9387352390
1475,Employee475,21,,30351,2021/04/22,employee1475@company.com,9012855770
1476,Employee476,32,HR,,March 5 2022,employee1476@company.com,9785089910
1477,Employee477,,IT,,15 Nov 2022,employee1477@company.com,9754477081
1478,Employee478,35,,42136,Mar 10 2020,employee1478@company.com,9504462421
1479,Employee479,,HR,,15/02/2021,employee1479@company.com,9261381955
1480,Employee480,,Finance,,2021/04/22,employee1480@company.com,9437284712
1481,Employee481,23,IT,,Sep 11 2022,employee1481@company.com,9171980948
1482,Employee482,29,,,2021/04/22,employee1482@company.com,9062168961
1483,Employee483,39,HR,,Mar 10 2020,employee1483@company.com,9689286380
1484,Employee484,28,IT,,15 Nov 2022,employee1484@company.com,9006124900
1485,Employee485,40,HR,78415,July 12 2021,employee1485@company.com,9103194912
1486,Employee486,,IT,,Dec 25 2021,employee1486@company.com,9667150174
1487,Employee487,23,Finance,58059,July 12 2021,employee1487@company.com,9135471475
1488,Employee488,31,IT,87742,2021/04/22,employee1488@company.com,9378931361
1489,Employee489,,IT,85178,Mar 10 2020,employee1489@company.com,9989626397
1490,Employee490,,Finance,47255,Sep 11 2022,employee1490@company.com,9685240440
1491,Employee491,,HR,75320,08-08-2021,employee1491@company.com,9933104786
1492,Employee492,24,IT,31271,2021/04/22,employee1492@company.com,9809062615
1493,Employee493,,Marketing,,15/02/2021,employee1493@company.com,9759647450
1494,Employee494,,Finance,,Dec 25 2021,employee1494@company.com,9615339342
1495,Employee495,42,Marketing,78351,Dec 25 2021,employee1495@company.com,9360167131
1496,Employee496,29,Marketing,30352,March 5 2022,employee1496@company.com,9643061323
1497,Employee497,27,,,July 12 2021,employee1497@company.com,9950827667
1498,Employee498,,IT,,March 5 2022,employee1498@company.com,9677131142
1499,Employee499,,HR,,Mar 10 2020,employee1499@company.com,9004671062
1500,Employee500,24,,,15/02/2021,employee1500@company.com,9066924860
1501,Employee501,-5,IT,55000,2022-01-15,employee501@company.com,9876543210
1502,Employee502,250,HR,60000,2021-10-03,employee502@company.com,9876543211
1503,Employee503,30,Finance,-10000,2021/04/22,employee503@company.com,9876543212
1504,Employee504,28,Marketing,50000,15 Nov 2022,employee504@company.com,9876543213
1505,Employee505,abc,IT,65000,15 Nov 2022,invalid-email,9876543214
1506,Employee506,35,UnknownDept,70000,2022-01-15,employee506company.com,9876543215
1507,Employee507,29,HR,9999999,2021-10-03,,9876543216
1508,Employee508,40,Finance,45000,Mar 10 2020,employee508@company.com,
1509,Employee509,0,IT,50000,2022-01-15,employee509@gmail,12345
1510,Employee510,150,Marketing,55000,2020/07/17,employee510@company.com,abcdefghij
1511,Employee511,32,HR,NaN,15 Nov 2022,employee511@company.com,987654321
1512,Employee512,27,Finance,45000,Sep 11 2022,employee512@company.com,98765432101
1513,Employee513,45,IT,abc,2021-10-03,@company.com,9876543217
1514,Employee514,29,HR,50000,,employee514@company.com,9876543218
1515,Employee515,,UnknownDept,-5000,,,0000000000
