OrderID,OrderDate,CustomerName,Email,Product,Category,Quantity,UnitPrice,TotalAmount,PaymentMethod,City
ORD1000,12/11/2025,Hector Smith,jesse77@example.org,Router,Electronics,2,40582,,Cash,Chennai
ORD1001,2025-07-17,Leah Welch,tanyajones@example.com,Printer,Office,3,27257,81771,Debit Card,Bangalore
ORD1002,16/07/2025,Anne Brooks,alexandersmith@example.com,Tablet,Office,6,78201,469206,Cash,Bangalore
ORD1003,07-Sep-2024,Margaret Williams,jesusharris@example.net,Mouse,Office,5,31518,157590,Credit Card,Bangalore
ORD1004,12-20-2025,Laura Nichols,chris11@example.net,Keyboard,Office,6,7615,45690,Cash,Pune
ORD1005,32/01/2025,Kenneth Jackson,linda46@example.com,Laptop,Office,10,42147,421470,Cash,Chennai
ORD1006,10/08/2024,Kevin Kane,cindyle@example.net,Keyboard,Accessories,1,76708,76708,Credit Card,Chennai
ORD1007,01/10/2024,Alicia Smith,lanevictoria@example.net,Phone,Office,6,21587,129522,Cash,Pune
ORD1008,27-May-2026,Tracy Long,annasuarez@example.net,Mouse,Accessories,2,4918,9836,Credit Card,Chennai
ORD1009,28/01/2026,Sharon Shaw,michaelcruz@example.com,Printer,Electronics,7,33386,233702,Debit Card,Bangalore
ORD1010,01-Jul-2024,Christopher Krause,invalid_email,Phone,Office,9,47953,431577,UPI,Pune
ORD1011,2024/11/30,Diana Jones,anthonynewton@example.com,Printer,Accessories,9,17489,157401,UPI,Bangalore
ORD1012,12-19-2025,Gabriel Johnston,markcooper@example.net,Printer,Office,2,12531,25062,Debit Card,Mumbai
ORD1013,Aug 01 2025,Peter Clark,joanna54@example.com,Phone,Office,5,18409,92045,UPI,Delhi
ORD1014,11-03-2024,Dr. April Hamilton,sandralee@example.net,Router,Office,4,29976,119904,Credit Card,Bangalore
ORD1015,2025-13-15,Jason Smith,vsmith@example.org,Mouse,Electronics,8,19655,157240,Cash,Bangalore
ORD1016,Oct 06 2024,Laura Johnson,vargasadam@example.org,Phone,Accessories,3,23709,71127,Net Banking,Hyderabad
ORD1017,Oct 11 2025,Ashley Grant DDS,bsteele@example.com,Laptop,Electronics,10,27558,275580,Credit Card,Delhi
ORD1018,2024/06/19,Patricia Carroll,theresa89@example.org,Laptop,Office,2,62019,124038,Debit Card,Hyderabad
ORD1019,18/12/2025,Michael Morris,thomas87@example.org,Keyboard,Accessories,1,78645,78645,Cash,Chennai
ORD1020,11-21-2024,,jasmineturner@example.org,Printer,Electronics,9,44395,399555,Net Banking,Pune
ORD1021,2025/04/21,Beth Robinson,charlestimothy@example.com,Keyboard,Electronics,6,25582,153492,UPI,Chennai
ORD1022,28/04/2025,Christopher Davis,kimberly04@example.org,Monitor,Office,5,2788,13940,UPI,Pune
ORD1023,08-16-2024,Travis Murphy,tcook@example.net,Laptop,Electronics,7,42871,300097,Net Banking,Chennai
ORD1024,11-03-2025,Nicolas Figueroa,jshaw@example.org,Tablet,Office,9,24111,216999,Debit Card,Chennai
ORD1025,31-Feb-2024,Andrea Fuller,jillianbruce@example.org,Keyboard,Office,7,78762,551334,UPI,Chennai
ORD1026,10/06/2025,Sarah Chaney,scottrusso@example.net,Laptop,Office,5,21060,105300,UPI,Hyderabad
ORD1027,Aug 31 2024,Kelsey Rodriguez,laravalerie@example.org,Keyboard,Accessories,9,77651,698859,Net Banking,Chennai
ORD1028,2025-09-13,Rachel Henry,thompsonwilliam@example.org,Printer,Electronics,7,67351,471457,Cash,Hyderabad
ORD1029,07-24-2024,Cindy Turner,abigailsmith@example.net,Laptop,Electronics,9,3906,35154,Credit Card,Pune
ORD1030,2024/10/01,Dr. Alexandria Brown DVM,amy63@example.org,Mouse,Accessories,-5,46391,46391,Net Banking,Chennai
ORD1031,2025/07/17,Rodney Smith,christophersullivan@example.com,Keyboard,Accessories,6,51802,310812,Net Banking,Bangalore
ORD1032,2024-10-04,Kathleen Nash,rodriguezcorey@example.net,Tablet,Electronics,2,35048,70096,Net Banking,Chennai
ORD1033,May 31 2025,Michael Harvey,johnnybailey@example.net,Laptop,Office,9,43163,388467,Credit Card,Mumbai
ORD1034,27/04/2025,Erika Logan,jennifer57@example.com,Phone,Office,6,51641,309846,UPI,Chennai
ORD1035,99/99/9999,Kenneth Cherry,ywilliams@example.org,Laptop,Electronics,9,39433,354897,Cash,Delhi
ORD1036,12-14-2025,Lisa Townsend,nchan@example.org,Monitor,Office,10,57406,574060,Debit Card,Pune
ORD1037,24-Jan-2026,Katherine Stanley,ltaylor@example.com,Tablet,Electronics,2,45403,90806,UPI,Delhi
ORD1038,24-Nov-2024,Richard Patterson,amay@example.com,Printer,Accessories,1,11465,11465,UPI,Delhi
ORD1039,15-Aug-2025,Gary Jones,melissa39@example.net,Router,Office,2,36132,72264,UPI,Bangalore
ORD1040,,Tracey Garrison,tbrown@example.net,Laptop,Electronics,6,512,3072,Credit Card,Delhi
ORD1041,07-30-2025,Jessica Gamble DVM,christophercabrera@example.org,Printer,Accessories,6,78465,470790,Net Banking,Hyderabad
ORD1042,2025/08/03,Brandon Bautista,meagan53@example.com,Tablet,Accessories,4,42747,170988,Cash,Mumbai
ORD1043,03-04-2025,Katherine Henderson,zweaver@example.com,Keyboard,Electronics,1,34364,34364,Debit Card,Pune
ORD1044,2026-05-08,Amy Moore,amy14@example.com,Monitor,Accessories,7,28173,197211,Net Banking,Pune
ORD1045,abcd-date,David Alexander,erica12@example.com,Router,Accessories,2,62229,124458,Net Banking,Bangalore
ORD1046,25-Nov-2024,Michael Brown,jthomas@example.org,Keyboard,Office,5,58730,293650,Credit Card,Chennai
ORD1047,2026/04/06,Tabitha Smith,shannon46@example.net,Monitor,Electronics,10,42705,427050,Debit Card,Pune
ORD1048,2024/07/28,Mrs. Robin Simon,eperry@example.net,Printer,Accessories,8,62136,497088,Credit Card,Chennai
ORD1049,04/09/2024,Mark Jackson,pattersonjames@example.net,Router,Electronics,7,4755,33285,Cash,Delhi
ORD1050,2026-02-05,Sarah Vaughan,jeremy58@example.org,Mouse,Accessories,4,43680,174720,UPI,Bangalore
ORD1051,26/09/2025,Jay Blackwell,johnsonkristin@example.com,Monitor,Electronics,5,62377,311885,Net Banking,Mumbai
ORD1052,28/08/2024,Laura Thomas,gilmoremegan@example.net,Router,Office,4,2002,8008,Debit Card,Pune
ORD1053,Jul 02 2024,Christine Mcmillan,duffylarry@example.com,Mouse,Office,4,63270,253080,Cash,Bangalore
ORD1054,2025-12-29,Paul Cole,jacksonbrandon@example.net,Tablet,Electronics,10,61090,610900,Debit Card,Mumbai
ORD1055,01/02/2026,Mark Murphy,erika75@example.org,Router,Accessories,2,75632,151264,Debit Card,Delhi
ORD1056,06-Nov-2024,Laurie Ramirez,janet02@example.com,Phone,Accessories,8,8023,64184,Cash,Delhi
ORD1057,Jan 04 2025,Denise Hamilton,kfarmer@example.com,Keyboard,Office,6,44570,267420,Cash,Chennai
ORD1058,2024/09/23,Tiffany Carter MD,jessegilbert@example.com,Printer,Office,6,1474,8844,Cash,Chennai
ORD1059,19/02/2026,Megan Sanders,randysnyder@example.org,Tablet,Accessories,7,11227,78589,Credit Card,Hyderabad
ORD1060,07-11-2024,Joseph Cabrera,emily93@example.org,Keyboard,Accessories,8,65047,520376,Cash,Mumbai
ORD1061,07/10/2024,Tim Hernandez,terry85@example.net,Printer,Accessories,7,20217,141519,Credit Card,Pune
ORD1062,05-Jun-2025,Kevin Anderson,bspence@example.org,Laptop,Electronics,3,39252,117756,Net Banking,Bangalore
ORD1063,Sep 02 2024,Grace West,fbrown@example.com,Router,Electronics,2,45040,90080,Net Banking,Pune
ORD1064,14-Dec-2025,Amy Wagner,brandonbarnes@example.com,Printer,Accessories,9,76654,689886,Debit Card,Mumbai
ORD1065,05-06-2026,Nicole Stevens,briannabernard@example.org,Monitor,Accessories,4,7519,30076,UPI,Mumbai
ORD1066,2024-07-28,Miguel Smith,mlee@example.net,Mouse,Electronics,2,37369,74738,Debit Card,Chennai
ORD1067,2026/04/06,William Chandler,mhahn@example.org,Laptop,Electronics,1,75061,75061,Credit Card,Bangalore
ORD1068,2025/10/21,Jamie Jackson,richardtaylor@example.com,Phone,Electronics,2,33613,67226,Net Banking,Pune
ORD1069,06-09-2026,Kenneth Martin,humphreychristina@example.com,Printer,Electronics,5,29905,149525,UPI,Chennai
ORD1070,2024-07-01,Nicole Davis,kristenjohnson@example.org,Router,Office,9,79159,712431,Net Banking,Delhi
ORD1071,2026/05/11,Theresa Harper,paulwilliams@example.com,Router,Electronics,9,59377,534393,Debit Card,Delhi
ORD1072,14/02/2025,Phyllis Bryant,diazmegan@example.com,Router,Office,7,27645,193515,UPI,Mumbai
ORD1073,Nov 23 2025,Teresa Boyd,shawn22@example.org,Router,Office,10,29460,294600,Net Banking,Bangalore
ORD1074,2026/05/07,Cory Russell,kristenrobbins@example.net,Phone,Electronics,4,11599,46396,UPI,Mumbai
ORD1075,30/09/2024,Albert Bradshaw,helen94@example.org,Tablet,Electronics,10,12815,128150,UPI,Pune
ORD1076,26/01/2025,John Wise,amanda18@example.org,Laptop,Accessories,1,67501,67501,Net Banking,Mumbai
ORD1077,23/11/2024,Max Mcdaniel,andrewsmith@example.org,Phone,Electronics,9,53509,481581,UPI,Chennai
ORD1078,2024/07/11,Keith Henderson,thomasmorgan@example.net,Printer,Electronics,9,68552,616968,Debit Card,Mumbai
ORD1079,Jun 10 2026,Benjamin Gross,ucurtis@example.net,Tablet,Accessories,10,79338,793380,Net Banking,Chennai
ORD1080,10-07-2025,Shelley Garcia,lindsayrandall@example.org,Laptop,Electronics,5,30091,150455,UPI,Mumbai
ORD1081,07/08/2024,Brianna Mcdaniel,perkinskayla@example.org,Mouse,Electronics,2,48504,97008,Net Banking,Mumbai
ORD1082,2025-11-12,Michael Christian,christopher38@example.org,Keyboard,Accessories,10,61107,611070,Credit Card,Hyderabad
ORD1083,04-23-2025,James Butler,lucasjohn@example.com,Monitor,Office,1,54360,54360,Credit Card,Pune
ORD1084,23/12/2025,Jeremy Ellison,biancastone@example.org,Tablet,Office,3,21215,63645,Cash,Delhi
ORD1085,Mar 31 2025,Gabrielle Craig,nolanlauren@example.net,Router,Electronics,10,79220,792200,UPI,Chennai
ORD1086,2025/12/15,Daniel Pitts,goodjennifer@example.net,Router,Office,9,59933,539397,Net Banking,Bangalore
ORD1087,2025/07/14,Shane Vargas,pfigueroa@example.com,Tablet,Electronics,1,33592,33592,Cash,Pune
ORD1088,09-Apr-2026,Alexandra Freeman,evelynhill@example.net,Keyboard,Electronics,4,59788,239152,Credit Card,Pune
ORD1089,28-Jun-2024,Brian Cruz,franklinbrianna@example.com,Laptop,Accessories,10,67383,673830,UPI,Pune
ORD1090,05-19-2025,Gary Bruce,beth22@example.org,Printer,Accessories,4,65180,260720,Credit Card,Hyderabad
ORD1091,2025/04/28,Molly Barnett,sanchezjacob@example.net,Tablet,Accessories,3,50650,151950,Cash,Chennai
ORD1092,Dec 02 2024,Randall Day,michael89@example.com,Monitor,Accessories,1,21247,21247,UPI,Hyderabad
ORD1093,Jul 13 2025,Matthew Beard,mcclainjames@example.com,Router,Electronics,9,73395,660555,Cash,Mumbai
ORD1094,2025-01-28,Jared Morrow,jenniferfitzpatrick@example.org,Monitor,Electronics,1,72370,72370,Net Banking,Pune
ORD1095,2025/10/15,Tracy Boyd,ajackson@example.org,Phone,Accessories,4,13305,53220,Credit Card,Hyderabad
ORD1096,04-Feb-2025,David Thomas,martinnatasha@example.com,Phone,Office,4,6046,24184,UPI,Bangalore
ORD1097,2025-07-20,Michelle Frazier,lwatts@example.net,Mouse,Accessories,4,21887,87548,Net Banking,Chennai
ORD1098,29/12/2024,Christopher Frye,traceycollins@example.com,Router,Electronics,10,13870,138700,Net Banking,Mumbai
ORD1099,2024-07-28,Ryan Thompson,joelwatkins@example.com,Mouse,Office,1,62784,62784,Net Banking,Chennai
ORD1100,05-31-2025,Christine Zuniga,smithjennifer@example.org,Tablet,Accessories,4,45595,182380,Debit Card,Hyderabad
ORD1101,2025-03-01,Jennifer White,shannon93@example.com,Mouse,Accessories,7,16224,113568,Cash,Chennai
ORD1102,11-05-2025,Kevin Odom,dale51@example.net,Monitor,Accessories,5,33269,166345,Credit Card,Pune
ORD1103,21-Aug-2025,Jonathan Reed,valerienixon@example.org,Mouse,Accessories,7,19076,133532,Cash,Bangalore
ORD1104,05-22-2025,Darlene Crawford,hallheather@example.net,Printer,Electronics,6,25826,154956,Cash,Hyderabad
ORD1105,Aug 10 2025,Tracey Terrell,watkinsaaron@example.org,Tablet,Office,10,46330,463300,Net Banking,Hyderabad
ORD1106,Jun 05 2025,Michael Jones,nmelendez@example.org,Mouse,Accessories,6,7869,47214,Cash,Pune
ORD1107,2026/02/23,Amy Martin,hallbianca@example.com,Keyboard,Accessories,7,55284,386988,Credit Card,Chennai
ORD1108,09-02-2024,Jason Hahn,odeleon@example.org,Keyboard,Electronics,6,30388,182328,Cash,Delhi
ORD1109,07-11-2025,Ashley Walker,greenerobert@example.com,Router,Accessories,10,51849,518490,Debit Card,Pune
ORD1110,03-Jan-2026,Michelle Martinez,khendricks@example.net,Laptop,Office,4,1563,6252,UPI,Delhi
ORD1111,2024-08-06,Aaron Guerra,kstephens@example.net,Laptop,Accessories,2,73297,146594,UPI,Mumbai
ORD1112,Jul 16 2025,Dr. Kendra Scott,ehouston@example.com,Monitor,Office,10,67819,678190,UPI,Hyderabad
ORD1113,2024-07-17,Jennifer Brown,uconley@example.com,Tablet,Electronics,5,38574,192870,Debit Card,Pune
ORD1114,Jan 28 2026,Joe Hess,tasha95@example.org,Laptop,Accessories,4,1987,7948,Cash,Delhi
ORD1115,20-Jul-2024,Lisa Stanley,amandagregory@example.com,Monitor,Office,8,3863,30904,Debit Card,Mumbai
ORD1116,02-09-2026,Raymond Cunningham,coreywhite@example.org,Keyboard,Accessories,8,22105,176840,Cash,Delhi
ORD1117,2025/01/31,Megan Phillips,charlesgoodwin@example.org,Mouse,Electronics,2,48905,97810,UPI,Pune
ORD1118,2024/07/15,Shawn Frost,emily94@example.com,Tablet,Electronics,1,9298,9298,UPI,Pune
ORD1119,08-23-2024,Erin Rivera,huntercindy@example.org,Router,Electronics,10,36021,360210,Debit Card,Pune
ORD1120,02/07/2025,Jessica May,nelsonjason@example.org,Laptop,Electronics,4,21697,86788,UPI,Chennai
ORD1121,Dec 11 2024,Benjamin Parker,sydneymartin@example.net,Tablet,Electronics,3,76340,229020,UPI,Pune
ORD1122,23/08/2024,Elizabeth Barrera,sthomas@example.net,Phone,Office,8,10062,80496,Cash,Delhi
ORD1123,2025/04/27,Jonathan Smith,trose@example.org,Router,Accessories,8,36861,294888,Cash,Delhi
ORD1124,07-10-2025,Nicole Ward,proberts@example.org,Monitor,Electronics,1,36765,36765,Net Banking,Chennai
ORD1125,Aug 02 2025,Jasmine Mason,tgray@example.net,Keyboard,Accessories,6,33479,200874,Cash,Chennai
ORD1126,2025-02-11,Amy Lewis,samantha14@example.com,Router,Electronics,5,67447,337235,Net Banking,Hyderabad
ORD1127,2025/10/26,Shannon Gutierrez,gutierrezterri@example.net,Keyboard,Office,6,73538,441228,Debit Card,Hyderabad
ORD1128,Oct 13 2025,Jacob Martin,allisonlewis@example.net,Laptop,Office,1,44303,44303,Credit Card,Chennai
ORD1129,11/02/2025,Aaron Rogers,aharvey@example.org,Printer,Electronics,3,76722,230166,Debit Card,Pune
ORD1130,28/11/2025,Karl Allen,gdodson@example.net,Monitor,Accessories,4,62737,250948,Credit Card,Bangalore
ORD1131,2025/04/30,Jennifer Adams,sarah73@example.com,Phone,Electronics,8,15776,126208,Net Banking,Bangalore
ORD1132,08/01/2026,Misty Jensen,ckirk@example.net,Tablet,Electronics,4,52524,210096,UPI,Pune
ORD1133,Dec 30 2024,Tiffany Rowe,kristenrice@example.org,Router,Electronics,6,21659,129954,Credit Card,Hyderabad
ORD1134,07-14-2025,Veronica Taylor,pamelajohnson@example.net,Monitor,Electronics,10,48734,487340,Debit Card,Delhi
ORD1135,2024-10-19,Rebecca Mack,kerry56@example.com,Laptop,Electronics,1,79501,79501,UPI,Pune
ORD1136,2024-08-01,Kerri Nelson,jennifer66@example.net,Router,Electronics,4,60920,243680,UPI,Delhi
ORD1137,2024-09-02,Jay Reed,melaniejones@example.org,Monitor,Office,9,33810,304290,Debit Card,Delhi
ORD1138,11-Jun-2025,Melissa Garcia,chungjustin@example.org,Monitor,Electronics,8,15112,120896,Net Banking,Mumbai
ORD1139,Nov 14 2025,Logan Wong,hallkristina@example.net,Phone,Electronics,7,5107,35749,Net Banking,Mumbai
ORD1140,2026-02-10,Steven Dominguez,rachelcollins@example.net,Router,Accessories,9,71632,644688,Cash,Mumbai
ORD1141,30-Mar-2026,Renee Simpson,markrobinson@example.net,Monitor,Accessories,5,48643,243215,Net Banking,Delhi
ORD1142,2025/05/12,Kelsey Perry,cookkaren@example.org,Tablet,Office,5,76369,381845,Net Banking,Mumbai
ORD1143,2024/10/03,Justin Davis,castroalicia@example.com,Laptop,Accessories,8,52520,420160,Net Banking,Chennai
ORD1144,02-14-2026,Cody Bryant,brandon08@example.org,Printer,Accessories,2,27512,55024,Debit Card,Delhi
ORD1145,13/08/2025,Robert Medina,marcus55@example.org,Printer,Electronics,8,54617,436936,Debit Card,Pune
ORD1146,19/06/2024,Heather Abbott,thomaserica@example.org,Phone,Accessories,7,65658,459606,Credit Card,Bangalore
ORD1147,Sep 07 2025,Teresa Roberts,haley02@example.org,Printer,Accessories,1,46014,46014,Debit Card,Delhi
ORD1148,12-18-2025,Sarah Carpenter,emoore@example.org,Keyboard,Electronics,5,37600,188000,UPI,Chennai
ORD1149,10/11/2025,Andrew Wright,pedro49@example.org,Keyboard,Office,3,33551,100653,Net Banking,Bangalore
ORD1150,10-Sep-2024,Cody Roberson,fcampbell@example.net,Router,Office,7,67312,471184,Net Banking,Delhi
ORD1151,Aug 23 2024,Steven Murphy,eric85@example.net,Mouse,Office,5,35745,178725,Debit Card,Hyderabad
ORD1152,01-12-2025,Jennifer Wong,garrettshawn@example.org,Tablet,Accessories,7,6384,44688,UPI,Delhi
ORD1153,2025/03/23,Jeffrey Coleman,gcoleman@example.net,Monitor,Office,10,39546,395460,Debit Card,Pune
ORD1154,20-May-2026,Dylan Gray,jason38@example.com,Keyboard,Accessories,10,21763,217630,Credit Card,Chennai
ORD1155,2024-07-07,Beth Mitchell,cheryl57@example.com,Printer,Accessories,5,75156,375780,UPI,Delhi
ORD1156,2025/03/06,Lori Riley,lauragarcia@example.net,Laptop,Electronics,4,53473,213892,UPI,Pune
ORD1157,2025/08/07,Mr. Joseph Johnston,zachary56@example.org,Router,Accessories,5,44828,224140,Credit Card,Delhi
ORD1158,2025/08/24,Anita Hodge,nsaunders@example.net,Mouse,Electronics,5,68307,341535,UPI,Mumbai
ORD1159,2024-10-27,Brian King,edwardblack@example.net,Router,Electronics,1,23821,23821,Cash,Bangalore
ORD1160,2024-07-04,Kevin Spencer,qrodriguez@example.com,Laptop,Electronics,3,39041,117123,Credit Card,Chennai
ORD1161,2024/11/14,Brittany Chan,catherinebrown@example.org,Printer,Office,2,66886,133772,UPI,Delhi
ORD1162,24-Mar-2025,Dr. Brittany Ross,carolynrichard@example.net,Phone,Office,2,72150,144300,Debit Card,Pune
ORD1163,2024/08/31,Terry Smith,shawjeanne@example.net,Mouse,Accessories,5,71547,357735,Debit Card,Pune
ORD1164,21-Oct-2025,Mrs. Holly Ball,stephenfletcher@example.org,Keyboard,Electronics,5,31297,156485,UPI,Chennai
ORD1165,2026/05/02,Johnathan Mahoney,vriley@example.net,Laptop,Electronics,10,17903,179030,Credit Card,Chennai
ORD1166,2025-11-29,Rodney Escobar,jennifer87@example.com,Mouse,Electronics,4,22018,88072,Net Banking,Pune
ORD1167,2026/02/16,Denise Clark,sean22@example.org,Tablet,Electronics,8,57369,458952,UPI,Pune
ORD1168,2024-10-13,Monica Miller,alexanderhill@example.net,Tablet,Accessories,4,63021,252084,Cash,Hyderabad
ORD1169,2025-09-24,Kathleen Knapp,agraves@example.org,Phone,Office,9,45119,406071,Cash,Mumbai
ORD1170,2025-03-01,Robert Espinoza,hstevens@example.net,Laptop,Office,1,22321,22321,UPI,Delhi
ORD1171,Jul 20 2024,Brenda Lopez,gregory79@example.com,Tablet,Office,7,2804,19628,UPI,Mumbai
ORD1172,2025-11-16,Mark Ramirez,gloria65@example.com,Tablet,Office,9,26338,237042,UPI,Pune
ORD1173,09-21-2025,Julie Black,shermanhayley@example.net,Keyboard,Electronics,5,63664,318320,Net Banking,Mumbai
ORD1174,May 01 2025,Diana Howard,danielmiller@example.org,Router,Office,7,52582,368074,Debit Card,Hyderabad
ORD1175,2026/04/23,Scott Erickson,bryanwatkins@example.com,Monitor,Electronics,5,43650,218250,Cash,Mumbai
ORD1176,04-03-2026,Alicia Gallegos,stephaniesimmons@example.net,Router,Electronics,10,72063,720630,Credit Card,Pune
ORD1177,18-Jul-2025,Brandon Salinas,jwilliams@example.com,Router,Electronics,7,57062,399434,Credit Card,Bangalore
ORD1178,2024/10/03,Steven Morgan,zacharynelson@example.net,Phone,Electronics,8,47364,378912,Credit Card,Hyderabad
ORD1179,06-22-2024,Kevin Pierce,edward82@example.net,Keyboard,Electronics,6,46187,277122,Credit Card,Pune
ORD1180,2025/11/10,Elizabeth Gonzalez,davidrios@example.com,Keyboard,Accessories,6,1806,10836,UPI,Delhi
ORD1181,15-Oct-2025,Jacob Ortega,joconnell@example.com,Phone,Accessories,9,36011,324099,UPI,Hyderabad
ORD1182,2024-06-14,Daniel Joyce,toddaustin@example.org,Phone,Accessories,10,1651,16510,Net Banking,Bangalore
ORD1183,29/09/2025,Michael Peterson,elizabethgray@example.org,Laptop,Electronics,7,8072,56504,Net Banking,Chennai
ORD1184,2025/11/15,Lisa Davies,ldiaz@example.com,Mouse,Office,7,33305,233135,UPI,Mumbai
ORD1185,Oct 11 2025,Kristie Mckinney DDS,baldwindonna@example.org,Router,Electronics,8,74762,598096,Cash,Bangalore
ORD1186,Jan 27 2025,Brandy Martin,wsantos@example.net,Router,Electronics,1,68290,68290,UPI,Pune
ORD1187,04-20-2026,Kayla Cross,pacemichael@example.com,Mouse,Office,1,2040,2040,Cash,Bangalore
ORD1188,2025-05-17,Eddie Leblanc,dominicpugh@example.com,Tablet,Electronics,8,35231,281848,Debit Card,Bangalore
ORD1189,25/10/2024,Ashley Wolfe,andrew49@example.net,Laptop,Electronics,4,69271,277084,Credit Card,Hyderabad
ORD1190,29-Mar-2025,Brittney Lewis,omassey@example.net,Router,Electronics,3,56830,170490,Net Banking,Delhi
ORD1191,23/07/2024,Jill Martin,thodge@example.org,Mouse,Accessories,9,52852,475668,Cash,Chennai
ORD1192,02-07-2025,Angel Knapp,cruzjack@example.net,Tablet,Office,10,63242,632420,Credit Card,Delhi
ORD1193,2025/07/23,Jennifer Burton,williamswilliam@example.com,Printer,Accessories,9,12111,108999,UPI,Pune
ORD1194,06-07-2025,Antonio Cook,knightmichael@example.org,Printer,Accessories,10,8314,83140,Cash,Hyderabad
ORD1195,2026-04-04,Gabriel Parks,juanperez@example.com,Phone,Accessories,7,33535,234745,Credit Card,Mumbai
ORD1196,2025/06/24,Jeanne Doyle,bwilliams@example.com,Printer,Accessories,9,10514,94626,Cash,Delhi
ORD1197,17/09/2024,Carrie Hogan,beverly00@example.net,Keyboard,Electronics,8,11116,88928,Credit Card,Pune
ORD1198,2024-08-28,Benjamin Jackson,knapplisa@example.com,Laptop,Electronics,7,69574,487018,Cash,Pune
ORD1199,15/12/2025,Tammy Klein,lawrencenicholas@example.com,Monitor,Office,7,72974,510818,Cash,Delhi
ORD1200,2025-10-18,Mrs. Debbie Horn,traceyadkins@example.com,Keyboard,Office,7,56896,398272,Credit Card,Delhi
ORD1201,10-02-2025,Jennifer Robertson,victoriajensen@example.com,Printer,Accessories,7,52136,364952,Credit Card,Pune
ORD1202,09-12-2024,Dustin Porter,williamskerri@example.net,Keyboard,Electronics,3,29895,89685,Credit Card,Bangalore
ORD1203,24/06/2024,Catherine Campbell,kristasalazar@example.net,Mouse,Electronics,4,21346,85384,Credit Card,Delhi
ORD1204,07-25-2025,Michael Smith,vmiller@example.com,Printer,Office,2,7332,14664,Cash,Chennai
ORD1205,09-08-2025,Andrew Decker,timothynelson@example.org,Phone,Electronics,6,33561,201366,Debit Card,Chennai
ORD1206,02-25-2026,Jaime Beard,wwagner@example.com,Phone,Electronics,6,36185,217110,Debit Card,Pune
ORD1207,18/06/2024,David Vasquez,uleon@example.com,Printer,Office,7,73938,517566,Cash,Mumbai
ORD1208,08-07-2025,Trevor Roberts,oowens@example.com,Router,Office,8,49176,393408,Cash,Hyderabad
ORD1209,2025/12/20,Sharon Fisher,hillkimberly@example.net,Router,Accessories,7,1755,12285,Cash,Hyderabad
ORD1210,07-Jan-2026,Candice Sweeney,tamaragriffith@example.org,Keyboard,Accessories,7,42030,294210,UPI,Bangalore
ORD1211,2024/12/03,Kristine White,deckerlaura@example.net,Mouse,Office,2,14163,28326,Debit Card,Delhi
ORD1212,06-Apr-2025,Shari Hicks,ethan89@example.org,Printer,Electronics,1,75865,75865,Net Banking,Mumbai
ORD1213,06/02/2026,Eric Hurst,murphyeric@example.org,Mouse,Electronics,5,17072,85360,Credit Card,Pune
ORD1214,Mar 18 2025,Christine Hicks,sjuarez@example.com,Laptop,Accessories,10,22761,227610,UPI,Mumbai
ORD1215,13/05/2026,Christopher Oneill,marissamoran@example.org,Monitor,Accessories,3,28549,85647,Credit Card,Mumbai
ORD1216,21-Dec-2024,Bryan Hunter,lisa13@example.org,Laptop,Office,4,35671,142684,Cash,Delhi
ORD1217,2025/03/14,Erika Lee MD,ccarroll@example.com,Printer,Electronics,10,58459,584590,Debit Card,Hyderabad
ORD1218,06-11-2026,Robert Stewart,pattonjacob@example.org,Router,Electronics,8,42025,336200,Net Banking,Bangalore
ORD1219,08/09/2024,William Perez,nelsonrobert@example.net,Mouse,Accessories,9,47504,427536,Credit Card,Mumbai
ORD1220,03-01-2026,Mark Alexander,xgreen@example.com,Tablet,Electronics,1,31696,31696,Net Banking,Delhi
ORD1221,2025-04-11,Crystal Taylor,wolfedaniel@example.org,Mouse,Office,10,27659,276590,Cash,Hyderabad
ORD1222,2025-11-14,Brittany Ryan,hyoung@example.org,Mouse,Electronics,6,26880,161280,Net Banking,Hyderabad
ORD1223,Jul 26 2025,Shawn Rosario,welchcameron@example.net,Keyboard,Office,9,36749,330741,UPI,Hyderabad
ORD1224,15-Apr-2025,Jamie Hill MD,laurenmartin@example.com,Printer,Electronics,10,41019,410190,Credit Card,Delhi
ORD1225,08-30-2024,William Roberts,barbara30@example.com,Mouse,Office,6,21038,126228,Net Banking,Pune
ORD1226,2025/12/16,Martin Bell,dcampbell@example.org,Monitor,Electronics,10,44491,444910,Net Banking,Bangalore
ORD1227,02-13-2025,Heidi Blackburn,amandascott@example.net,Tablet,Office,8,66742,533936,Cash,Delhi
ORD1228,2026-03-02,Tracy Richardson,ahopkins@example.com,Laptop,Electronics,4,71424,285696,Credit Card,Mumbai
ORD1229,2024/10/12,Darren Todd,keith10@example.com,Keyboard,Office,9,71967,647703,Debit Card,Hyderabad
ORD1230,Jul 29 2025,Alexandra Thompson,gonzalesjasmin@example.net,Mouse,Office,1,35423,35423,Net Banking,Bangalore
ORD1231,05-23-2025,Steven Weaver,lewislisa@example.org,Keyboard,Office,10,73339,733390,UPI,Delhi
ORD1232,Jul 28 2025,Jennifer Porter,rachel12@example.org,Phone,Office,1,78825,78825,Debit Card,Pune
ORD1233,2025/12/21,Margaret Duran,tina01@example.com,Mouse,Electronics,3,20223,60669,Debit Card,Delhi
ORD1234,05-27-2026,Holly Woodward,glennboyd@example.net,Laptop,Office,8,17450,139600,Cash,Delhi
ORD1235,09-17-2024,Monica Hernandez,qmejia@example.com,Keyboard,Office,6,26306,157836,Cash,Mumbai
ORD1236,04-20-2025,Lawrence Rogers,lisa61@example.org,Printer,Office,2,60913,121826,Net Banking,Chennai
ORD1237,2025/10/28,Todd Walker,kristamyers@example.org,Phone,Accessories,10,22794,227940,Debit Card,Pune
ORD1238,06-17-2024,Michelle Lowe,mwilson@example.org,Monitor,Office,2,6858,13716,Debit Card,Bangalore
ORD1239,11-30-2024,Kimberly Jones,bradyphilip@example.com,Monitor,Electronics,6,4427,26562,Credit Card,Pune
ORD1240,2025/01/07,Ashley Beck,marc46@example.net,Keyboard,Electronics,1,27730,27730,Debit Card,Chennai
ORD1241,12-Jul-2024,George Webb,kingtroy@example.org,Tablet,Accessories,9,65171,586539,UPI,Bangalore
ORD1242,16-Mar-2026,Jasmine Jones,pshields@example.com,Tablet,Office,1,48796,48796,Debit Card,Delhi
ORD1243,07-May-2025,Beth Larson,uingram@example.com,Monitor,Office,5,8835,44175,UPI,Delhi
ORD1244,2025-06-28,Kendra Fields,hahnjessica@example.org,Router,Office,4,6674,26696,UPI,Mumbai
ORD1245,2024-11-09,Diana Taylor,robert44@example.org,Tablet,Electronics,10,41880,418800,Cash,Mumbai
ORD1246,20-Jan-2026,Mark Murray,jmiller@example.net,Router,Office,2,73242,146484,Cash,Mumbai
ORD1247,2026/02/10,Kimberly Collins,catherine36@example.net,Mouse,Accessories,10,12355,123550,Credit Card,Bangalore
ORD1248,08-Nov-2025,Amanda Hernandez,maxwelltracie@example.com,Keyboard,Office,4,65022,260088,Cash,Pune
ORD1249,2025/03/20,Gregory Fitzgerald Jr.,higginsjoseph@example.com,Tablet,Accessories,2,42054,84108,Cash,Hyderabad
ORD1250,2026-05-02,Zachary Boyd,toddmartinez@example.org,Laptop,Electronics,2,13792,27584,Debit Card,Chennai
ORD1251,01/07/2025,Scott Hamilton,ymiller@example.com,Tablet,Electronics,6,75293,451758,Debit Card,Chennai
ORD1252,11-04-2025,Daniel Kim,cynthia99@example.com,Mouse,Electronics,6,48227,289362,Cash,Chennai
ORD1253,10-19-2025,James Freeman,johnacosta@example.net,Tablet,Office,7,43554,304878,Net Banking,Bangalore
ORD1254,2025-01-10,Heather Moyer,jeremyhernandez@example.com,Monitor,Electronics,7,58967,412769,Net Banking,Delhi
ORD1255,2026/03/10,Michael Mack,meganlewis@example.com,Monitor,Office,4,66304,265216,Net Banking,Delhi
ORD1256,27/06/2024,Adam Perez,pperkins@example.net,Tablet,Office,4,37122,148488,UPI,Mumbai
ORD1257,2025/08/26,John Johnson,phorton@example.com,Keyboard,Accessories,3,70578,211734,Cash,Mumbai
ORD1258,2024-10-12,Brenda Watson,icraig@example.net,Keyboard,Accessories,1,56702,56702,Debit Card,Delhi
ORD1259,28/03/2025,Patrick Bullock,bhughes@example.com,Keyboard,Office,2,58151,116302,Debit Card,Chennai
ORD1260,Oct 30 2024,James Arroyo,nixonbetty@example.net,Monitor,Office,6,23538,141228,Credit Card,Hyderabad
ORD1261,Feb 06 2026,Michael Holt MD,kingveronica@example.org,Laptop,Accessories,1,39942,39942,Credit Card,Delhi
ORD1262,Jan 01 2025,Julie Gould,lwade@example.com,Router,Office,4,32711,130844,Net Banking,Delhi
ORD1263,Nov 03 2025,Gregory Saunders,jennifermedina@example.com,Laptop,Office,7,14413,100891,Cash,Pune
ORD1264,10/11/2025,Adam Williams,rbradley@example.com,Monitor,Electronics,3,46008,138024,Debit Card,Hyderabad
ORD1265,2025/01/16,Randy Haynes,felliott@example.org,Phone,Electronics,7,45760,320320,Debit Card,Mumbai
ORD1266,16-Nov-2025,Clarence Mcclure,michaelclark@example.net,Tablet,Electronics,4,48632,194528,Credit Card,Pune
ORD1267,2024/10/26,Madison West,tina81@example.net,Monitor,Accessories,8,49868,398944,Cash,Chennai
ORD1268,2025/03/03,Nicholas Taylor MD,adamsamy@example.net,Router,Office,9,34484,310356,Cash,Hyderabad
ORD1269,2025/10/23,Christopher Evans,joannahall@example.net,Printer,Office,4,48067,192268,UPI,Chennai
ORD1270,Jun 17 2025,Megan Mendoza,tedwards@example.net,Phone,Accessories,9,20047,180423,Debit Card,Mumbai
ORD1271,03-25-2025,Vanessa Logan,taylorperry@example.net,Phone,Electronics,6,73487,440922,UPI,Hyderabad
ORD1272,09-Dec-2024,Courtney Hernandez,morrisdaniel@example.com,Phone,Electronics,5,18194,90970,Debit Card,Mumbai
ORD1273,2025-08-07,Jessica Arnold,rvelasquez@example.net,Mouse,Electronics,8,72522,580176,Credit Card,Delhi
ORD1274,2024-11-07,Derrick Walker,jennifer28@example.org,Router,Electronics,7,37598,263186,Net Banking,Delhi
ORD1275,Jul 19 2024,Mr. Jeremy Campbell,christopher05@example.net,Keyboard,Accessories,2,15872,31744,Debit Card,Hyderabad
ORD1276,04-06-2025,Robert Nelson,heathconnor@example.com,Phone,Accessories,3,72189,216567,Cash,Hyderabad
ORD1277,10-02-2025,Jeffrey Kim,staffordchristine@example.net,Mouse,Accessories,1,22424,22424,Credit Card,Mumbai
ORD1278,2024-08-07,Dr. Jeffrey Sharp,micheal05@example.net,Keyboard,Office,4,12368,49472,Debit Card,Hyderabad
ORD1279,06-Jul-2025,Jeffery Davis,jennifer62@example.net,Monitor,Accessories,9,12339,111051,Credit Card,Chennai
ORD1280,2025-05-04,Nicholas Gutierrez,bmartin@example.org,Keyboard,Office,1,8321,8321,Cash,Mumbai
ORD1281,03-14-2025,James Russell,dsmith@example.com,Keyboard,Accessories,10,53388,533880,Credit Card,Pune
ORD1282,22/12/2025,William Martin,pwilson@example.com,Monitor,Accessories,5,27494,137470,UPI,Delhi
ORD1283,2025/10/18,Andrew Price Jr.,michaelsmith@example.com,Printer,Office,9,28966,260694,UPI,Pune
ORD1284,24/06/2024,Mr. Jerry Adams,harrisamy@example.com,Laptop,Electronics,9,67689,609201,Cash,Bangalore
ORD1285,11/12/2024,Susan Spencer,samantharice@example.org,Monitor,Electronics,1,22165,22165,UPI,Pune
ORD1286,Jun 16 2025,Lindsey Wallace,paulakelly@example.net,Printer,Accessories,3,58975,176925,UPI,Pune
ORD1287,15-Dec-2025,Travis Thompson,jenna21@example.net,Phone,Accessories,1,39659,39659,Credit Card,Delhi
ORD1288,Dec 28 2025,Douglas Bradley,vhernandez@example.org,Phone,Office,3,36016,108048,Credit Card,Bangalore
ORD1289,23/05/2026,Matthew Lawrence,jake09@example.org,Printer,Office,8,20770,166160,Credit Card,Hyderabad
ORD1290,08-23-2024,Michael Joseph,brenda54@example.com,Keyboard,Office,6,26434,158604,Debit Card,Hyderabad
ORD1291,2025/06/16,Jeffrey Daniels,kathrynsullivan@example.com,Phone,Electronics,7,14676,102732,Cash,Delhi
ORD1292,2025-06-23,Alyssa Brown,johnsonkyle@example.net,Tablet,Accessories,5,50227,251135,Cash,Mumbai
ORD1293,27/04/2026,Lisa Elliott,langchristina@example.org,Mouse,Office,10,47326,473260,Debit Card,Delhi
ORD1294,2024-10-10,Megan Brown,parrishheather@example.org,Router,Accessories,6,55282,331692,Cash,Chennai
ORD1295,2026/01/31,Kendra Kirby,kennethbrown@example.net,Keyboard,Office,4,12207,48828,UPI,Chennai
ORD1296,08/01/2026,Jacqueline Williams,jacquelinewaters@example.org,Tablet,Office,6,4998,29988,Credit Card,Bangalore
ORD1297,28/10/2025,Todd Miller,dlittle@example.com,Tablet,Electronics,2,15046,30092,Debit Card,Delhi
ORD1298,2024-08-16,Ashley Lara,rachelnewton@example.org,Phone,Electronics,2,62813,125626,UPI,Mumbai
ORD1299,22-Oct-2025,Brad Hernandez,ramirezjames@example.net,Keyboard,Accessories,1,18889,18889,UPI,Bangalore
ORD1300,17/08/2025,Nancy Moore,cgonzalez@example.org,Mouse,Electronics,4,49852,199408,Net Banking,Delhi
ORD1301,2025-10-24,Henry Dickson,bethany99@example.org,Mouse,Office,10,48432,484320,UPI,Chennai
ORD1302,10/10/2024,Jennifer Barker,cjohns@example.com,Laptop,Electronics,2,44684,89368,Cash,Pune
ORD1303,2024/09/21,Donald Beck,russellflores@example.com,Printer,Electronics,1,52624,52624,Cash,Bangalore
ORD1304,24-May-2026,Heidi Bowen,hwhite@example.com,Phone,Electronics,6,10401,62406,Debit Card,Bangalore
ORD1305,2025/06/08,Carl Smith,mwalter@example.net,Monitor,Electronics,3,30982,92946,Debit Card,Delhi
ORD1306,16/08/2025,Willie Park,julie00@example.com,Tablet,Electronics,7,55658,389606,UPI,Pune
ORD1307,2025/12/15,Tracy Stanton,carl68@example.com,Tablet,Office,9,64776,582984,Net Banking,Chennai
ORD1308,2025-11-30,Melissa Hodges,starkkevin@example.org,Router,Electronics,10,7045,70450,UPI,Pune
ORD1309,05-Sep-2024,Nicole Martin,evan86@example.org,Mouse,Office,3,37419,112257,Debit Card,Hyderabad
ORD1310,2025-05-16,Cheryl White,xhickman@example.com,Keyboard,Accessories,5,41343,206715,Credit Card,Bangalore
ORD1311,05-Dec-2024,Alec Parker,wrightmichael@example.net,Keyboard,Office,4,27067,108268,Debit Card,Chennai
ORD1312,2025-03-23,Amy Barnes,abarnes@example.net,Keyboard,Accessories,4,9131,36524,Cash,Delhi
ORD1313,2026-04-09,Nicholas Reed,veronicarobinson@example.com,Mouse,Accessories,3,72632,217896,Cash,Delhi
ORD1314,2025/12/24,Sonia Graham,ashleyhess@example.com,Mouse,Electronics,4,64473,257892,UPI,Chennai
ORD1315,08-21-2025,Isabel Watts,karamcgee@example.org,Mouse,Accessories,2,28711,57422,Cash,Chennai
ORD1316,2025/06/02,Craig Baldwin,raymondoliver@example.net,Router,Electronics,8,68655,549240,Credit Card,Mumbai
ORD1317,2026/04/17,Kathleen Wells,jameswalker@example.net,Mouse,Electronics,3,20724,62172,Debit Card,Hyderabad
ORD1318,2026/02/02,Kelly Hahn DVM,justin93@example.net,Mouse,Office,9,48101,432909,Credit Card,Chennai
ORD1319,16-Apr-2026,Julie Ford,kaylamurillo@example.org,Keyboard,Electronics,1,69469,69469,Cash,Delhi
ORD1320,Aug 11 2024,Bethany Jackson,dluna@example.net,Router,Accessories,7,79209,554463,Net Banking,Chennai
ORD1321,26/02/2025,Daniel Miranda,ulin@example.com,Phone,Electronics,3,71309,213927,Credit Card,Bangalore
ORD1322,Feb 10 2026,Natasha Alexander,alexander57@example.org,Mouse,Accessories,3,18556,55668,Cash,Hyderabad
ORD1323,2026/01/24,Sarah Martinez,danielsara@example.org,Mouse,Office,4,74851,299404,Credit Card,Hyderabad
ORD1324,11/02/2026,Meghan Tucker,courtney17@example.org,Router,Accessories,8,63703,509624,UPI,Bangalore
ORD1325,Dec 20 2025,Ann Thomas,gbrady@example.org,Monitor,Office,10,75943,759430,Net Banking,Pune
ORD1326,09/12/2025,Sonya Brown,brittany94@example.com,Laptop,Accessories,3,27283,81849,Net Banking,Delhi
ORD1327,2026/06/11,Laura White,brittanysmith@example.net,Tablet,Office,3,70721,212163,Cash,Pune
ORD1328,08-13-2025,Carl Newman,wwalker@example.org,Printer,Office,8,73917,591336,Debit Card,Delhi
ORD1329,10-Mar-2026,Breanna Griffin,anthonyyoung@example.com,Mouse,Electronics,5,33005,165025,Cash,Mumbai
ORD1330,2024-10-09,Rachel Williams,crystal36@example.net,Tablet,Electronics,9,43989,395901,Net Banking,Delhi
ORD1331,30/11/2025,Chad Moody,bmunoz@example.org,Tablet,Office,6,30289,181734,UPI,Chennai
ORD1332,Feb 23 2025,Wayne Flores,whitneyfrank@example.org,Tablet,Accessories,2,69513,139026,Net Banking,Bangalore
ORD1333,Dec 08 2024,Kelly Holmes,elizabethshaw@example.com,Laptop,Accessories,1,30627,30627,Cash,Bangalore
ORD1334,06-27-2024,Carol Bell,corey33@example.com,Laptop,Accessories,4,63087,252348,UPI,Delhi
ORD1335,01-05-2025,Karl Benson,danadavis@example.com,Laptop,Office,5,65599,327995,Credit Card,Pune
ORD1336,06-02-2025,Kevin Lee,bettygonzales@example.com,Phone,Electronics,2,17626,35252,Net Banking,Mumbai
ORD1337,2026/02/15,Anna Gonzalez,gabrielaquinn@example.org,Monitor,Electronics,5,72525,362625,Cash,Hyderabad
ORD1338,2024/08/13,Kristen Decker,stephaniegarcia@example.com,Router,Electronics,2,1466,2932,UPI,Bangalore
ORD1339,2026/03/25,Bonnie Myers,teresa68@example.org,Laptop,Electronics,9,24324,218916,UPI,Chennai
ORD1340,27-Aug-2025,Brent Hoffman,thompsondavid@example.net,Monitor,Electronics,10,52211,522110,Net Banking,Delhi
ORD1341,06/10/2024,Carol Fischer,nicholasrichardson@example.org,Keyboard,Electronics,4,15492,61968,Credit Card,Delhi
ORD1342,05-15-2026,Steven Davidson,stephen22@example.net,Keyboard,Electronics,4,24737,98948,Debit Card,Bangalore
ORD1343,2025-07-13,Paula Perez,mccormicktracy@example.com,Phone,Accessories,9,5579,50211,Credit Card,Delhi
ORD1344,14/11/2024,Jonathan Fischer,bmckee@example.com,Laptop,Accessories,8,1887,15096,Net Banking,Mumbai
ORD1345,Jan 17 2026,Adam Shepard,shanemcclure@example.net,Keyboard,Electronics,6,44822,268932,Cash,Delhi
ORD1346,2025/12/09,Seth White,jamesgallagher@example.com,Router,Electronics,10,49217,492170,Credit Card,Bangalore
ORD1347,Dec 31 2024,Paul Mathis,christopherryan@example.org,Keyboard,Accessories,1,12378,12378,Net Banking,Pune
ORD1348,2024-09-14,Meagan Hernandez,gscott@example.com,Printer,Accessories,10,38706,387060,Cash,Delhi
ORD1349,2025-10-19,David Maldonado,donna19@example.net,Tablet,Electronics,7,64399,450793,UPI,Delhi
ORD1350,06-Feb-2025,Daniel Brown,breanna08@example.net,Router,Electronics,1,23345,23345,Credit Card,Pune
ORD1351,06-Nov-2024,Sandra Peters,mhernandez@example.net,Monitor,Accessories,2,3243,6486,UPI,Chennai
ORD1352,05-12-2026,James Bishop,raycheyenne@example.net,Phone,Accessories,8,79222,633776,Cash,Hyderabad
ORD1353,Jul 30 2025,Judith Fletcher,katie12@example.net,Router,Electronics,7,13340,93380,Cash,Hyderabad
ORD1354,2026/05/08,Anthony Rogers,jerome15@example.net,Keyboard,Electronics,10,35635,356350,Credit Card,Hyderabad
ORD1355,10-19-2024,Amber Cortez,rachelreeves@example.org,Mouse,Office,3,5975,17925,Debit Card,Bangalore
ORD1356,01/10/2024,Jennifer Holt,wilsonadrian@example.org,Tablet,Electronics,3,51231,153693,Net Banking,Delhi
ORD1357,2025/04/25,Melissa May,cynthiamcclure@example.com,Tablet,Accessories,9,30891,278019,UPI,Mumbai
ORD1358,04-10-2025,Noah Walker,whitenancy@example.com,Printer,Electronics,10,34570,345700,Cash,Chennai
ORD1359,Jul 08 2025,Tracie Daniel,damonmoreno@example.net,Mouse,Electronics,6,39251,235506,Debit Card,Chennai
ORD1360,21-Apr-2025,Autumn Franco,harrismelissa@example.net,Phone,Electronics,2,14378,28756,Cash,Pune
ORD1361,2025/12/13,Robert Valdez,livingstonerin@example.net,Mouse,Accessories,10,45004,450040,Cash,Mumbai
ORD1362,2025-06-10,Kelsey Brown DVM,toni91@example.com,Mouse,Electronics,3,63163,189489,Cash,Chennai
ORD1363,2025/09/23,Teresa Mcclain,teresa85@example.com,Keyboard,Accessories,3,68771,206313,Debit Card,Delhi
ORD1364,2025-12-03,Christina Jimenez,masonjason@example.org,Mouse,Office,9,68765,618885,Net Banking,Delhi
ORD1365,29-Nov-2025,Derrick Richards,laurenbrown@example.net,Phone,Accessories,9,17522,157698,Debit Card,Hyderabad
ORD1366,Jan 10 2025,Tracy Le,ugarcia@example.org,Mouse,Accessories,7,2242,15694,Debit Card,Hyderabad
ORD1367,Mar 30 2025,Anthony Macdonald,scarlson@example.org,Monitor,Accessories,6,20027,120162,Cash,Mumbai
ORD1368,Jun 25 2025,Frank Vaughan,harrismichael@example.net,Printer,Office,9,41079,369711,UPI,Bangalore
ORD1369,04-Sep-2024,Sarah Frye,ofrye@example.net,Monitor,Electronics,1,78488,78488,UPI,Chennai
ORD1370,2024/08/29,Stephanie Evans,christopher45@example.org,Monitor,Accessories,7,45448,318136,Cash,Bangalore
ORD1371,Nov 01 2024,Sierra Olson,chelseanash@example.net,Monitor,Electronics,10,20740,207400,Net Banking,Mumbai
ORD1372,2025/12/22,Suzanne Wood,maria27@example.net,Mouse,Office,4,31806,127224,Credit Card,Hyderabad
ORD1373,Dec 30 2024,Amanda Harris,bkelly@example.com,Monitor,Electronics,1,63683,63683,Cash,Chennai
ORD1374,04-03-2025,Kathleen Smith,robertallen@example.com,Phone,Electronics,6,30733,184398,UPI,Chennai
ORD1375,16-Jun-2024,Tracey Barker,ortizbilly@example.org,Tablet,Electronics,9,69003,621027,Debit Card,Hyderabad
ORD1376,25/03/2025,Joshua Turner,xdrake@example.com,Tablet,Office,4,11952,47808,Cash,Mumbai
ORD1377,2025/11/25,Gary Peterson,acurtis@example.com,Laptop,Office,2,2290,4580,Net Banking,Bangalore
ORD1378,2024/10/16,Joseph Quinn,maria56@example.com,Monitor,Accessories,8,55175,441400,Net Banking,Mumbai
ORD1379,12-Jan-2025,John Blackburn,alison00@example.com,Laptop,Accessories,8,18567,148536,Net Banking,Chennai
ORD1380,16-Mar-2026,Anthony Hamilton,joyce65@example.org,Laptop,Accessories,3,57469,172407,Debit Card,Pune
ORD1381,21/05/2025,Michelle Cook,jeffreybeck@example.org,Printer,Electronics,9,42358,381222,UPI,Chennai
ORD1382,Nov 09 2025,Nicole Wilson,castillochristopher@example.net,Printer,Accessories,3,67753,203259,Cash,Bangalore
ORD1383,Jan 31 2025,Timothy Riddle,emeyer@example.com,Router,Electronics,5,47444,237220,Net Banking,Chennai
ORD1384,Feb 20 2026,Amanda Tyler,robertsonbenjamin@example.net,Mouse,Electronics,8,74157,593256,Debit Card,Chennai
ORD1385,2024-09-02,Wendy Allison,davidwilkins@example.org,Mouse,Office,8,73741,589928,UPI,Delhi
ORD1386,07/09/2025,Hector Rodriguez,xevans@example.net,Printer,Office,6,32425,194550,Debit Card,Pune
ORD1387,17/08/2024,Julie Anderson,gravesalexandria@example.com,Monitor,Office,9,10899,98091,Debit Card,Chennai
ORD1388,02-06-2026,Kyle Welch,rgarcia@example.com,Keyboard,Office,10,22270,222700,Cash,Hyderabad
ORD1389,19-Nov-2025,Gerald Ayala,robertsmith@example.org,Mouse,Accessories,5,35987,179935,Debit Card,Pune
ORD1390,2025/10/29,Erika Kim,andrewcummings@example.com,Tablet,Accessories,8,62772,502176,Cash,Bangalore
ORD1391,2025-06-02,Yolanda Smith,murphyandrew@example.com,Phone,Electronics,4,76451,305804,Credit Card,Bangalore
ORD1392,Oct 16 2025,Daniel Brown,scott22@example.org,Printer,Accessories,4,18842,75368,UPI,Pune
ORD1393,24-Mar-2026,Patrick Stephens,adamhess@example.org,Tablet,Electronics,5,37095,185475,UPI,Mumbai
ORD1394,2026/04/17,Heather Kelley,whitepatrick@example.com,Monitor,Office,1,3560,3560,Net Banking,Bangalore
ORD1395,07-Apr-2026,Frank Scott,rodneyfrazier@example.com,Monitor,Office,1,37344,37344,Credit Card,Mumbai
ORD1396,06-09-2025,Marcus Arias,lindseysusan@example.org,Monitor,Office,7,21715,152005,Debit Card,Chennai
ORD1397,04-19-2026,Lindsey Ellison,baileykimberly@example.org,Tablet,Electronics,6,24853,149118,UPI,Delhi
ORD1398,05-Feb-2025,Molly Wilson,mosssharon@example.net,Tablet,Electronics,10,42217,422170,Debit Card,Pune
ORD1399,18-Jul-2024,Sharon Ramsey,imyers@example.com,Laptop,Electronics,8,50500,404000,Debit Card,Bangalore
ORD1400,10/07/2024,John Bentley,noahramos@example.com,Laptop,Office,9,6562,59058,Net Banking,Mumbai
ORD1401,10-29-2024,William Taylor,griffinnoah@example.org,Keyboard,Electronics,1,16829,16829,Credit Card,Chennai
ORD1402,2024/07/15,Jeremy Parker,paulwilson@example.org,Keyboard,Accessories,1,21805,21805,Credit Card,Pune
ORD1403,2024/06/27,David Mitchell,michaelroberts@example.org,Tablet,Electronics,3,70729,212187,Credit Card,Mumbai
ORD1404,05-04-2026,Dr. Tina Wang,ghuff@example.org,Monitor,Office,6,37802,226812,Net Banking,Pune
ORD1405,11-28-2024,Jennifer Pierce,justinmeza@example.com,Printer,Office,9,58406,525654,UPI,Bangalore
ORD1406,2025-03-20,Tina Valentine,susan76@example.net,Printer,Office,6,77809,466854,UPI,Chennai
ORD1407,2026/03/19,Evan White,benjamin94@example.com,Tablet,Accessories,6,38862,233172,Debit Card,Pune
ORD1408,2024-12-19,Clifford Perez,erinbell@example.net,Monitor,Office,4,57716,230864,Debit Card,Hyderabad
ORD1409,Nov 05 2025,Andrea Smith,palmerbrian@example.org,Laptop,Electronics,9,47075,423675,Cash,Chennai
ORD1410,06/02/2026,Vanessa Rodgers,sstafford@example.com,Monitor,Office,4,8509,34036,Debit Card,Chennai
ORD1411,08-02-2024,Victor Thompson,daniel98@example.com,Printer,Accessories,6,2178,13068,Credit Card,Hyderabad
ORD1412,31-Mar-2026,Amanda Larson,jenniferwyatt@example.org,Router,Electronics,10,47638,476380,UPI,Mumbai
ORD1413,2026-01-06,Brent Charles,anichols@example.org,Laptop,Electronics,2,8722,17444,UPI,Mumbai
ORD1414,2026/04/14,Dana Ramirez,michele89@example.net,Keyboard,Accessories,5,27835,139175,Net Banking,Mumbai
ORD1415,21/07/2025,Joshua Clark,brianjackson@example.com,Mouse,Accessories,7,2777,19439,Net Banking,Delhi
ORD1416,Dec 20 2025,Stephanie Brooks,rojasjulie@example.org,Router,Accessories,6,54175,325050,Credit Card,Bangalore
ORD1417,27/07/2025,Thomas Carter,hilldebbie@example.net,Mouse,Accessories,7,15649,109543,Debit Card,Hyderabad
ORD1418,Apr 22 2025,Carrie Carlson,calvin61@example.org,Monitor,Electronics,4,67870,271480,Credit Card,Mumbai
ORD1419,2025-08-21,Kenneth Smith,ryanadams@example.org,Printer,Electronics,3,43959,131877,Debit Card,Bangalore
ORD1420,2024-09-16,Robert Andrews,derek86@example.org,Printer,Accessories,7,19886,139202,Credit Card,Pune
ORD1421,2024-09-11,Mario Luna,rickyrobinson@example.org,Phone,Electronics,1,34091,34091,Credit Card,Delhi
ORD1422,05/08/2024,Gary Campbell,levi43@example.net,Mouse,Electronics,2,37298,74596,Cash,Mumbai
ORD1423,15/05/2026,Jessica Warner,tonya39@example.org,Monitor,Office,5,43117,215585,UPI,Mumbai
ORD1424,01-18-2026,Ashley Ramsey,uscott@example.com,Mouse,Office,3,65245,195735,Debit Card,Mumbai
ORD1425,2025/03/18,Leslie Holland,burnsdaniel@example.net,Printer,Accessories,8,1675,13400,Credit Card,Hyderabad
ORD1426,Aug 15 2025,William Guzman,kristinguerrero@example.com,Laptop,Accessories,1,33137,33137,Cash,Mumbai
ORD1427,06-10-2026,James Jones,cochranryan@example.net,Mouse,Accessories,10,14483,144830,Debit Card,Mumbai
ORD1428,2025-08-25,Ryan Cochran,wilsonwhitney@example.net,Phone,Office,9,72206,649854,Cash,Delhi
ORD1429,28/03/2026,Margaret Mccann,nruiz@example.org,Monitor,Office,8,67456,539648,Debit Card,Mumbai
ORD1430,09-21-2025,Carolyn Flores,mperez@example.net,Laptop,Accessories,9,44714,402426,Cash,Pune
ORD1431,2026/04/29,Monica Lindsey,carl24@example.net,Printer,Electronics,6,76699,460194,UPI,Bangalore
ORD1432,2024-12-28,Julia Lewis,maldonadocraig@example.com,Laptop,Electronics,4,13282,53128,Credit Card,Mumbai
ORD1433,08-Jul-2025,Chris Lopez,felicia23@example.org,Keyboard,Office,7,5576,39032,Credit Card,Pune
ORD1434,2025-09-23,Kathleen Palmer,conniefields@example.net,Printer,Accessories,8,17099,136792,UPI,Chennai
ORD1435,2024/10/05,Zachary Krause,rachel04@example.org,Laptop,Accessories,10,11200,112000,Credit Card,Hyderabad
ORD1436,29/11/2025,Chris Gallegos,aaron06@example.com,Tablet,Electronics,1,35846,35846,Net Banking,Hyderabad
ORD1437,10-07-2025,Jessica Maynard,tonya56@example.com,Keyboard,Electronics,1,49449,49449,Debit Card,Chennai
ORD1438,2026-02-18,Courtney Mack,mgonzalez@example.net,Router,Accessories,9,50873,457857,Debit Card,Chennai
ORD1439,Sep 25 2024,Kimberly Parker,halejoseph@example.org,Keyboard,Electronics,10,6940,69400,Cash,Delhi
ORD1440,2024-07-03,Wendy Brown MD,hayleymiller@example.net,Monitor,Office,1,73282,73282,UPI,Mumbai
ORD1441,2026-02-05,Kimberly Taylor,shelbybarker@example.net,Keyboard,Electronics,7,72612,508284,Cash,Bangalore
ORD1442,08-Mar-2025,Melissa Barker,mstein@example.org,Phone,Electronics,6,38076,228456,UPI,Pune
ORD1443,13-Oct-2024,Eric Garcia,alexanderpearson@example.com,Laptop,Office,1,22169,22169,Cash,Hyderabad
ORD1444,15/07/2024,Mark Dominguez,iflynn@example.com,Keyboard,Electronics,8,44458,355664,Debit Card,Bangalore
ORD1445,25/03/2026,Katrina Bartlett,lsmith@example.net,Monitor,Electronics,3,79582,238746,Debit Card,Pune
ORD1446,30/05/2025,Jason Roth,tina64@example.org,Mouse,Office,5,62143,310715,Cash,Pune
ORD1447,08-26-2025,Colin Lee,amanda44@example.org,Laptop,Office,8,44360,354880,Net Banking,Chennai
ORD1448,2025/12/24,Carol Hunter,matthew13@example.org,Tablet,Office,10,76469,764690,UPI,Chennai
ORD1449,2025/10/26,Katelyn Casey,ubeck@example.org,Mouse,Accessories,3,14021,42063,Debit Card,Hyderabad
ORD1450,24-Dec-2024,Danny Ellis,heather05@example.net,Tablet,Accessories,9,69789,628101,Debit Card,Delhi
ORD1451,24-May-2026,Renee Moody,amalone@example.com,Mouse,Office,9,13787,124083,Debit Card,Mumbai
ORD1452,22-Oct-2024,Sara Adams,ihale@example.org,Tablet,Accessories,2,69846,139692,Debit Card,Pune
ORD1453,Sep 27 2024,Brandon Dyer,jreyes@example.net,Tablet,Electronics,5,67714,338570,Cash,Mumbai
ORD1454,2024-12-07,Amanda Stanley,jasontodd@example.net,Mouse,Office,4,48623,194492,Debit Card,Hyderabad
ORD1455,27-Aug-2025,Norma Moore,todd46@example.org,Tablet,Office,7,16380,114660,Debit Card,Bangalore
ORD1456,24/06/2025,Lauren Massey,whitebruce@example.org,Mouse,Office,7,78232,547624,Debit Card,Chennai
ORD1457,19/01/2025,Kimberly Hicks,martinlisa@example.org,Router,Office,10,72418,724180,Debit Card,Mumbai
ORD1458,Feb 20 2026,Susan Davis,christineblanchard@example.org,Phone,Accessories,2,37178,74356,Credit Card,Chennai
ORD1459,07-Dec-2024,Phillip Anderson,russell19@example.com,Router,Accessories,5,25355,126775,Net Banking,Pune
ORD1460,22/03/2026,Susan Diaz,linda34@example.com,Monitor,Office,9,58430,525870,UPI,Mumbai
ORD1461,03-07-2025,Susan Morales,jacob19@example.net,Phone,Office,8,65222,521776,UPI,Mumbai
ORD1462,Mar 06 2025,Kimberly Peters,hammondandrea@example.org,Tablet,Electronics,2,32813,65626,Credit Card,Chennai
ORD1463,01-24-2026,Anthony Alvarez,victorrobles@example.net,Mouse,Office,8,42112,336896,Cash,Bangalore
ORD1464,04-07-2026,Sarah Green,victortorres@example.org,Laptop,Accessories,2,75164,150328,UPI,Mumbai
ORD1465,05-27-2026,Jasmine Gonzales,fordcristina@example.com,Keyboard,Electronics,4,27455,109820,Cash,Bangalore
ORD1466,Apr 23 2026,Stephanie Hobbs,parkersara@example.org,Phone,Accessories,8,17820,142560,Net Banking,Mumbai
ORD1467,2026/01/14,Jessica Howard,duane97@example.org,Keyboard,Accessories,6,36574,219444,Net Banking,Chennai
ORD1468,04-Jun-2026,Randy Robertson,tracythomas@example.com,Phone,Electronics,1,13521,13521,UPI,Mumbai
ORD1469,03-06-2025,Meghan Wood PhD,kyle77@example.net,Tablet,Accessories,3,39814,119442,UPI,Pune
ORD1470,12/06/2024,Natalie Russell,fcabrera@example.org,Printer,Accessories,8,62425,499400,Cash,Chennai
ORD1471,27-Oct-2024,Melissa Shaw,reynoldsrussell@example.org,Monitor,Electronics,3,9236,27708,Debit Card,Chennai
ORD1472,Dec 07 2024,Tasha Smith,collinskathleen@example.com,Keyboard,Accessories,5,19421,97105,UPI,Pune
ORD1473,2025/07/06,Ms. Sheila Duncan,carrillowilliam@example.net,Router,Electronics,7,24750,173250,UPI,Chennai
ORD1474,01/11/2025,Catherine Garcia,kenneth77@example.org,Mouse,Electronics,4,77899,311596,UPI,Pune
ORD1475,11-Dec-2024,Nicole Moore,pamela43@example.net,Keyboard,Office,4,31375,125500,Debit Card,Pune
ORD1476,2024-08-23,George Sanders,andrewsjoseph@example.org,Laptop,Accessories,9,34025,306225,Cash,Bangalore
ORD1477,02/05/2025,Ryan Nichols,psmith@example.org,Keyboard,Electronics,1,4063,4063,Debit Card,Chennai
ORD1478,05-Jul-2025,Bruce Weaver,frenchdiane@example.com,Phone,Accessories,10,64551,645510,Debit Card,Mumbai
ORD1479,Jan 14 2025,Kevin Walker,cobbanthony@example.net,Phone,Accessories,2,51879,103758,Net Banking,Bangalore
ORD1480,05-27-2026,Michelle Stafford,jessicacarroll@example.net,Keyboard,Office,5,52607,263035,Cash,Pune
ORD1481,02/01/2025,Justin Anderson,collinstravis@example.com,Mouse,Electronics,2,38465,76930,Credit Card,Mumbai
ORD1482,Jun 17 2025,Hannah Everett,sandraross@example.net,Router,Accessories,10,18853,188530,Net Banking,Hyderabad
ORD1483,2025/03/21,Emily Schroeder,bhowell@example.net,Monitor,Office,10,28389,283890,Credit Card,Mumbai
ORD1484,06-09-2026,Mike Rice,currydarren@example.org,Laptop,Office,1,5812,5812,UPI,Bangalore
ORD1485,09-10-2024,Jeff Hernandez,ypayne@example.org,Keyboard,Electronics,7,58361,408527,UPI,Chennai
ORD1486,04/09/2024,Janice Lowery,ocarroll@example.org,Keyboard,Office,9,12652,113868,Net Banking,Pune
ORD1487,2025-04-02,John Spencer,mblanchard@example.net,Mouse,Office,7,68237,477659,Credit Card,Bangalore
ORD1488,Apr 06 2025,Dawn Johnson,ramirezlisa@example.com,Mouse,Electronics,6,22325,133950,Debit Card,Pune
ORD1489,2025-07-21,Kristin Young,dakota08@example.com,Printer,Accessories,10,48371,483710,Net Banking,Bangalore
ORD1490,2025/01/25,Gina Morrison,combsjoshua@example.com,Monitor,Electronics,1,70236,70236,Cash,Hyderabad
ORD1491,10-Nov-2025,Andrew Lin,briannelson@example.org,Tablet,Office,4,38746,154984,Debit Card,Chennai
ORD1492,08-21-2024,Amy Scott,lweber@example.org,Monitor,Accessories,9,13242,119178,Debit Card,Delhi
ORD1493,28-Dec-2025,James Wheeler,hunterjohn@example.net,Printer,Office,2,46968,93936,Cash,Bangalore
ORD1494,09-Feb-2026,Bryan Wilcox,pwatson@example.org,Mouse,Office,2,11212,22424,Debit Card,Delhi
ORD1495,2025/07/16,Chelsey Booth,elizabethbishop@example.org,Keyboard,Office,7,10267,71869,Credit Card,Delhi
ORD1496,18-Aug-2024,Miguel Wilson,adamsjustin@example.com,Mouse,Electronics,7,7739,54173,Net Banking,Hyderabad
ORD1497,08-Nov-2024,Julie Howard,stacy10@example.org,Laptop,Accessories,3,71827,215481,Credit Card,Chennai
ORD1498,02-07-2025,Cassandra Weeks,xwalsh@example.org,Printer,Accessories,7,18845,131915,Cash,Delhi
ORD1499,04-Jan-2025,Amy Hays,vickithomas@example.com,Laptop,Office,7,57617,403319,UPI,Mumbai
ORD1000,12/11/2025,Hector Smith,jesse77@example.org,Router,Electronics,2,40582,81164,Cash,Chennai
ORD1001,2025-07-17,Leah Welch,tanyajones@example.com,Printer,Office,3,27257,81771,Debit Card,Bangalore
ORD1002,16/07/2025,Anne Brooks,alexandersmith@example.com,Tablet,Office,6,78201,469206,Cash,Bangalore
ORD1003,07-Sep-2024,Margaret Williams,jesusharris@example.net,Mouse,Office,5,31518,157590,Credit Card,Bangalore
ORD1004,12-20-2025,Laura Nichols,chris11@example.net,Keyboard,Office,6,7615,45690,Cash,Pune
